<?xml version="1.0" encoding="UTF-8"?>
<kml xmlns="http://www.opengis.net/kml/2.2" xmlns:gx="http://www.google.com/kml/ext/2.2" xmlns:kml="http://www.opengis.net/kml/2.2" xmlns:atom="http://www.w3.org/2005/Atom">
<Document>
	<name>11kv line.kml</name>
	<StyleMap id="m_ylw-pushpin">
		<Pair>
			<key>normal</key>
			<styleUrl>#s_ylw-pushpin</styleUrl>
		</Pair>
		<Pair>
			<key>highlight</key>
			<styleUrl>#s_ylw-pushpin_hl2</styleUrl>
		</Pair>
	</StyleMap>
	<StyleMap id="m_ylw-pushpin1">
		<Pair>
			<key>normal</key>
			<styleUrl>#s_ylw-pushpin3</styleUrl>
		</Pair>
		<Pair>
			<key>highlight</key>
			<styleUrl>#s_ylw-pushpin_hl1</styleUrl>
		</Pair>
	</StyleMap>
	<StyleMap id="m_ylw-pushpin10">
		<Pair>
			<key>normal</key>
			<styleUrl>#s_ylw-pushpin10</styleUrl>
		</Pair>
		<Pair>
			<key>highlight</key>
			<styleUrl>#s_ylw-pushpin_hl10</styleUrl>
		</Pair>
	</StyleMap>
	<StyleMap id="m_ylw-pushpin2">
		<Pair>
			<key>normal</key>
			<styleUrl>#s_ylw-pushpin200</styleUrl>
		</Pair>
		<Pair>
			<key>highlight</key>
			<styleUrl>#s_ylw-pushpin_hl20</styleUrl>
		</Pair>
	</StyleMap>
	<StyleMap id="m_ylw-pushpin20">
		<Pair>
			<key>normal</key>
			<styleUrl>#s_ylw-pushpin2</styleUrl>
		</Pair>
		<Pair>
			<key>highlight</key>
			<styleUrl>#s_ylw-pushpin_hl21</styleUrl>
		</Pair>
	</StyleMap>
	<StyleMap id="m_ylw-pushpin21">
		<Pair>
			<key>normal</key>
			<styleUrl>#s_ylw-pushpin20</styleUrl>
		</Pair>
		<Pair>
			<key>highlight</key>
			<styleUrl>#s_ylw-pushpin_hl200</styleUrl>
		</Pair>
	</StyleMap>
	<Style id="s_ylw-pushpin">
		<IconStyle>
			<scale>1.1</scale>
			<Icon>
				<href>http://maps.google.com/mapfiles/kml/pushpin/ylw-pushpin.png</href>
			</Icon>
			<hotSpot x="20" y="2" xunits="pixels" yunits="pixels"/>
		</IconStyle>
	</Style>
	<Style id="s_ylw-pushpin10">
		<IconStyle>
			<scale>1.1</scale>
			<Icon>
				<href>http://maps.google.com/mapfiles/kml/pushpin/ylw-pushpin.png</href>
			</Icon>
			<hotSpot x="20" y="2" xunits="pixels" yunits="pixels"/>
		</IconStyle>
	</Style>
	<Style id="s_ylw-pushpin2">
		<IconStyle>
			<scale>1.1</scale>
			<Icon>
				<href>http://maps.google.com/mapfiles/kml/pushpin/ylw-pushpin.png</href>
			</Icon>
			<hotSpot x="20" y="2" xunits="pixels" yunits="pixels"/>
		</IconStyle>
	</Style>
	<Style id="s_ylw-pushpin20">
		<IconStyle>
			<scale>1.1</scale>
			<Icon>
				<href>http://maps.google.com/mapfiles/kml/pushpin/ylw-pushpin.png</href>
			</Icon>
			<hotSpot x="20" y="2" xunits="pixels" yunits="pixels"/>
		</IconStyle>
	</Style>
	<Style id="s_ylw-pushpin200">
		<IconStyle>
			<scale>1.1</scale>
			<Icon>
				<href>http://maps.google.com/mapfiles/kml/pushpin/ylw-pushpin.png</href>
			</Icon>
			<hotSpot x="20" y="2" xunits="pixels" yunits="pixels"/>
		</IconStyle>
	</Style>
	<Style id="s_ylw-pushpin3">
		<IconStyle>
			<scale>1.1</scale>
			<Icon>
				<href>http://maps.google.com/mapfiles/kml/pushpin/ylw-pushpin.png</href>
			</Icon>
			<hotSpot x="20" y="2" xunits="pixels" yunits="pixels"/>
		</IconStyle>
	</Style>
	<Style id="s_ylw-pushpin_hl1">
		<IconStyle>
			<scale>1.3</scale>
			<Icon>
				<href>http://maps.google.com/mapfiles/kml/pushpin/ylw-pushpin.png</href>
			</Icon>
			<hotSpot x="20" y="2" xunits="pixels" yunits="pixels"/>
		</IconStyle>
	</Style>
	<Style id="s_ylw-pushpin_hl10">
		<IconStyle>
			<scale>1.3</scale>
			<Icon>
				<href>http://maps.google.com/mapfiles/kml/pushpin/ylw-pushpin.png</href>
			</Icon>
			<hotSpot x="20" y="2" xunits="pixels" yunits="pixels"/>
		</IconStyle>
	</Style>
	<Style id="s_ylw-pushpin_hl2">
		<IconStyle>
			<scale>1.3</scale>
			<Icon>
				<href>http://maps.google.com/mapfiles/kml/pushpin/ylw-pushpin.png</href>
			</Icon>
			<hotSpot x="20" y="2" xunits="pixels" yunits="pixels"/>
		</IconStyle>
	</Style>
	<Style id="s_ylw-pushpin_hl20">
		<IconStyle>
			<scale>1.3</scale>
			<Icon>
				<href>http://maps.google.com/mapfiles/kml/pushpin/ylw-pushpin.png</href>
			</Icon>
			<hotSpot x="20" y="2" xunits="pixels" yunits="pixels"/>
		</IconStyle>
	</Style>
	<Style id="s_ylw-pushpin_hl200">
		<IconStyle>
			<scale>1.3</scale>
			<Icon>
				<href>http://maps.google.com/mapfiles/kml/pushpin/ylw-pushpin.png</href>
			</Icon>
			<hotSpot x="20" y="2" xunits="pixels" yunits="pixels"/>
		</IconStyle>
	</Style>
	<Style id="s_ylw-pushpin_hl21">
		<IconStyle>
			<scale>1.3</scale>
			<Icon>
				<href>http://maps.google.com/mapfiles/kml/pushpin/ylw-pushpin.png</href>
			</Icon>
			<hotSpot x="20" y="2" xunits="pixels" yunits="pixels"/>
		</IconStyle>
	</Style>
	<Folder>
		<name>Temporary Places</name>
		<open>1</open>
		<Placemark>
			<name>P</name>
			<Camera>
				<gx:TimeStamp><when>2025-05-15</when>
</gx:TimeStamp>
				<gx:ViewerOptions>
					<gx:option name="historicalimagery"></gx:option>
					<gx:option enabled="0" name="sunlight"></gx:option>
					<gx:option enabled="0" name="streetview"></gx:option>
				</gx:ViewerOptions>
				<longitude>84.8200864438686</longitude>
				<latitude>25.57020282115033</latitude>
				<altitude>101.9041875622936</altitude>
				<heading>-5.071838991035828</heading>
				<tilt>0.06510528454735988</tilt>
				<roll>-5.057966340736989</roll>
				<gx:altitudeMode>relativeToSeaFloor</gx:altitudeMode>
			</Camera>
			<styleUrl>#m_ylw-pushpin10</styleUrl>
			<Point>
				<gx:drawOrder>1</gx:drawOrder>
				<coordinates>84.82007482803239,25.57024225020183,0</coordinates>
			</Point>
		</Placemark>
		<Placemark>
			<name>P</name>
			<Camera>
				<gx:TimeStamp><when>2025-05-15</when>
</gx:TimeStamp>
				<gx:ViewerOptions>
					<gx:option name="historicalimagery"></gx:option>
					<gx:option enabled="0" name="sunlight"></gx:option>
					<gx:option enabled="0" name="streetview"></gx:option>
				</gx:ViewerOptions>
				<longitude>84.8200864438686</longitude>
				<latitude>25.57020282115033</latitude>
				<altitude>101.9041875622936</altitude>
				<heading>-5.071838991035828</heading>
				<tilt>0.06510528454735988</tilt>
				<roll>-5.057966340736989</roll>
				<gx:altitudeMode>relativeToSeaFloor</gx:altitudeMode>
			</Camera>
			<styleUrl>#m_ylw-pushpin10</styleUrl>
			<Point>
				<gx:drawOrder>1</gx:drawOrder>
				<coordinates>84.82017283993291,25.57016003488287,0</coordinates>
			</Point>
		</Placemark>
		<Placemark>
			<name>DP</name>
			<LookAt>
				<gx:TimeStamp><when>2025-05-15</when>
</gx:TimeStamp>
				<gx:ViewerOptions>
					<gx:option name="historicalimagery"></gx:option>
					<gx:option enabled="0" name="sunlight"></gx:option>
					<gx:option enabled="0" name="streetview"></gx:option>
				</gx:ViewerOptions>
				<longitude>84.82019088935741</longitude>
				<latitude>25.57053375431628</latitude>
				<altitude>0</altitude>
				<heading>-98.3859156211805</heading>
				<tilt>45.533158114531</tilt>
				<range>101.6295671297754</range>
				<gx:altitudeMode>relativeToSeaFloor</gx:altitudeMode>
			</LookAt>
			<styleUrl>#m_ylw-pushpin10</styleUrl>
			<Point>
				<gx:drawOrder>1</gx:drawOrder>
				<coordinates>84.82022420576858,25.57050952617085,0</coordinates>
			</Point>
		</Placemark>
		<Placemark>
			<name>P</name>
			<LookAt>
				<gx:TimeStamp><when>2025-05-15</when>
</gx:TimeStamp>
				<gx:ViewerOptions>
					<gx:option name="historicalimagery"></gx:option>
					<gx:option enabled="0" name="sunlight"></gx:option>
					<gx:option enabled="0" name="streetview"></gx:option>
				</gx:ViewerOptions>
				<longitude>84.82112321409116</longitude>
				<latitude>25.57224843155271</latitude>
				<altitude>0</altitude>
				<heading>-40.54999888166351</heading>
				<tilt>45.81028030885025</tilt>
				<range>98.48229914922521</range>
				<gx:altitudeMode>relativeToSeaFloor</gx:altitudeMode>
			</LookAt>
			<styleUrl>#m_ylw-pushpin10</styleUrl>
			<Point>
				<gx:drawOrder>1</gx:drawOrder>
				<coordinates>84.82109368091821,25.57216774936213,0</coordinates>
			</Point>
		</Placemark>
		<Placemark>
			<name>P</name>
			<LookAt>
				<gx:TimeStamp><when>2025-05-15</when>
</gx:TimeStamp>
				<gx:ViewerOptions>
					<gx:option name="historicalimagery"></gx:option>
					<gx:option enabled="0" name="sunlight"></gx:option>
					<gx:option enabled="0" name="streetview"></gx:option>
				</gx:ViewerOptions>
				<longitude>84.82110261791738</longitude>
				<latitude>25.57219825090493</latitude>
				<altitude>0</altitude>
				<heading>-40.5500077719545</heading>
				<tilt>45.81027968263134</tilt>
				<range>98.38508117060482</range>
				<gx:altitudeMode>relativeToSeaFloor</gx:altitudeMode>
			</LookAt>
			<styleUrl>#m_ylw-pushpin10</styleUrl>
			<Point>
				<gx:drawOrder>1</gx:drawOrder>
				<coordinates>84.82110863151814,25.57205607836306,0</coordinates>
			</Point>
		</Placemark>
		<Placemark>
			<name>P</name>
			<LookAt>
				<gx:TimeStamp><when>2025-05-15</when>
</gx:TimeStamp>
				<gx:ViewerOptions>
					<gx:option name="historicalimagery"></gx:option>
					<gx:option enabled="0" name="sunlight"></gx:option>
					<gx:option enabled="0" name="streetview"></gx:option>
				</gx:ViewerOptions>
				<longitude>84.82027316704362</longitude>
				<latitude>25.57052713209418</latitude>
				<altitude>0</altitude>
				<heading>1.711093309933545e-05</heading>
				<tilt>0</tilt>
				<range>97.8049711482559</range>
				<gx:altitudeMode>relativeToSeaFloor</gx:altitudeMode>
			</LookAt>
			<styleUrl>#m_ylw-pushpin10</styleUrl>
			<Point>
				<gx:drawOrder>1</gx:drawOrder>
				<coordinates>84.82032304488693,25.57047783880798,0</coordinates>
			</Point>
		</Placemark>
		<Placemark>
			<name>P</name>
			<LookAt>
				<gx:TimeStamp><when>2025-05-15</when>
</gx:TimeStamp>
				<gx:ViewerOptions>
					<gx:option name="historicalimagery"></gx:option>
					<gx:option enabled="0" name="sunlight"></gx:option>
					<gx:option enabled="0" name="streetview"></gx:option>
				</gx:ViewerOptions>
				<longitude>84.82026268994341</longitude>
				<latitude>25.57086566101881</latitude>
				<altitude>0</altitude>
				<heading>1.31984637267289</heading>
				<tilt>31.45222085976512</tilt>
				<range>270.0274747999308</range>
				<gx:altitudeMode>relativeToSeaFloor</gx:altitudeMode>
			</LookAt>
			<styleUrl>#m_ylw-pushpin10</styleUrl>
			<Point>
				<gx:drawOrder>1</gx:drawOrder>
				<coordinates>84.82017587105905,25.57063706446916,0</coordinates>
			</Point>
		</Placemark>
		<Placemark>
			<name>P</name>
			<LookAt>
				<gx:TimeStamp><when>2025-05-15</when>
</gx:TimeStamp>
				<gx:ViewerOptions>
					<gx:option name="historicalimagery"></gx:option>
					<gx:option enabled="0" name="sunlight"></gx:option>
					<gx:option enabled="0" name="streetview"></gx:option>
				</gx:ViewerOptions>
				<longitude>84.82036089380802</longitude>
				<latitude>25.57087868020389</latitude>
				<altitude>0</altitude>
				<heading>-8.910608941673696e-06</heading>
				<tilt>0</tilt>
				<range>91.57458042653722</range>
				<gx:altitudeMode>relativeToSeaFloor</gx:altitudeMode>
			</LookAt>
			<styleUrl>#m_ylw-pushpin10</styleUrl>
			<Point>
				<gx:drawOrder>1</gx:drawOrder>
				<coordinates>84.82033333768338,25.571004518679,0</coordinates>
			</Point>
		</Placemark>
		<Placemark>
			<name>P</name>
			<LookAt>
				<gx:TimeStamp><when>2025-05-15</when>
</gx:TimeStamp>
				<gx:ViewerOptions>
					<gx:option name="historicalimagery"></gx:option>
					<gx:option enabled="0" name="sunlight"></gx:option>
					<gx:option enabled="0" name="streetview"></gx:option>
				</gx:ViewerOptions>
				<longitude>84.82046153675083</longitude>
				<latitude>25.57089350209819</latitude>
				<altitude>0</altitude>
				<heading>3.452941743572993e-05</heading>
				<tilt>0</tilt>
				<range>91.22105089936325</range>
				<gx:altitudeMode>relativeToSeaFloor</gx:altitudeMode>
			</LookAt>
			<styleUrl>#m_ylw-pushpin10</styleUrl>
			<Point>
				<gx:drawOrder>1</gx:drawOrder>
				<coordinates>84.8205354229638,25.57090491885035,0</coordinates>
			</Point>
		</Placemark>
		<Placemark>
			<name>P</name>
			<LookAt>
				<gx:TimeStamp><when>2025-05-15</when>
</gx:TimeStamp>
				<gx:ViewerOptions>
					<gx:option name="historicalimagery"></gx:option>
					<gx:option enabled="0" name="sunlight"></gx:option>
					<gx:option enabled="0" name="streetview"></gx:option>
				</gx:ViewerOptions>
				<longitude>84.82063990537587</longitude>
				<latitude>25.57141924152247</latitude>
				<altitude>0</altitude>
				<heading>-63.49306617533517</heading>
				<tilt>45.14488000854672</tilt>
				<range>100.6855710545779</range>
				<gx:altitudeMode>relativeToSeaFloor</gx:altitudeMode>
			</LookAt>
			<styleUrl>#m_ylw-pushpin10</styleUrl>
			<Point>
				<gx:drawOrder>1</gx:drawOrder>
				<coordinates>84.82076824119258,25.57136700975501,0</coordinates>
			</Point>
		</Placemark>
		<Placemark>
			<name>P</name>
			<LookAt>
				<gx:TimeStamp><when>2025-05-15</when>
</gx:TimeStamp>
				<gx:ViewerOptions>
					<gx:option name="historicalimagery"></gx:option>
					<gx:option enabled="0" name="sunlight"></gx:option>
					<gx:option enabled="0" name="streetview"></gx:option>
				</gx:ViewerOptions>
				<longitude>84.82060186854537</longitude>
				<latitude>25.5714478412544</latitude>
				<altitude>0</altitude>
				<heading>-63.49308259328544</heading>
				<tilt>45.14487874667154</tilt>
				<range>100.4874156716529</range>
				<gx:altitudeMode>relativeToSeaFloor</gx:altitudeMode>
			</LookAt>
			<styleUrl>#m_ylw-pushpin10</styleUrl>
			<Point>
				<gx:drawOrder>1</gx:drawOrder>
				<coordinates>84.8205429881402,25.57142106452349,0</coordinates>
			</Point>
		</Placemark>
		<Placemark>
			<name>P</name>
			<LookAt>
				<gx:TimeStamp><when>2025-05-15</when>
</gx:TimeStamp>
				<gx:ViewerOptions>
					<gx:option name="historicalimagery"></gx:option>
					<gx:option enabled="0" name="sunlight"></gx:option>
					<gx:option enabled="0" name="streetview"></gx:option>
				</gx:ViewerOptions>
				<longitude>84.82081617231313</longitude>
				<latitude>25.57166118787217</latitude>
				<altitude>0</altitude>
				<heading>-2.312307718373624e-05</heading>
				<tilt>0</tilt>
				<range>98.11047308924121</range>
				<gx:altitudeMode>relativeToSeaFloor</gx:altitudeMode>
			</LookAt>
			<styleUrl>#m_ylw-pushpin10</styleUrl>
			<Point>
				<gx:drawOrder>1</gx:drawOrder>
				<coordinates>84.82072288870721,25.57173042611439,0</coordinates>
			</Point>
		</Placemark>
		<Placemark>
			<name>DP</name>
			<LookAt>
				<gx:TimeStamp><when>2025-05-15</when>
</gx:TimeStamp>
				<gx:ViewerOptions>
					<gx:option name="historicalimagery"></gx:option>
					<gx:option enabled="0" name="sunlight"></gx:option>
					<gx:option enabled="0" name="streetview"></gx:option>
				</gx:ViewerOptions>
				<longitude>84.82079128676759</longitude>
				<latitude>25.57170392275636</latitude>
				<altitude>0</altitude>
				<heading>-5.605696573967174e-05</heading>
				<tilt>1.323741407515815</tilt>
				<range>101.2519166031659</range>
				<gx:altitudeMode>relativeToSeaFloor</gx:altitudeMode>
			</LookAt>
			<styleUrl>#m_ylw-pushpin10</styleUrl>
			<Point>
				<gx:drawOrder>1</gx:drawOrder>
				<coordinates>84.82082559991885,25.57179989082053,0</coordinates>
			</Point>
		</Placemark>
		<Placemark>
			<name>P</name>
			<LookAt>
				<gx:TimeStamp><when>2025-05-15</when>
</gx:TimeStamp>
				<gx:ViewerOptions>
					<gx:option name="historicalimagery"></gx:option>
					<gx:option enabled="0" name="sunlight"></gx:option>
					<gx:option enabled="0" name="streetview"></gx:option>
				</gx:ViewerOptions>
				<longitude>84.82079128676759</longitude>
				<latitude>25.57170392275636</latitude>
				<altitude>0</altitude>
				<heading>-5.605696573967174e-05</heading>
				<tilt>1.323741407515815</tilt>
				<range>101.2519166031659</range>
				<gx:altitudeMode>relativeToSeaFloor</gx:altitudeMode>
			</LookAt>
			<styleUrl>#m_ylw-pushpin10</styleUrl>
			<Point>
				<gx:drawOrder>1</gx:drawOrder>
				<coordinates>84.82067861144246,25.57186904956786,0</coordinates>
			</Point>
		</Placemark>
		<Placemark>
			<name>P</name>
			<LookAt>
				<gx:TimeStamp><when>2025-05-15</when>
</gx:TimeStamp>
				<gx:ViewerOptions>
					<gx:option name="historicalimagery"></gx:option>
					<gx:option enabled="0" name="sunlight"></gx:option>
					<gx:option enabled="0" name="streetview"></gx:option>
				</gx:ViewerOptions>
				<longitude>84.82079128676759</longitude>
				<latitude>25.57170392275636</latitude>
				<altitude>0</altitude>
				<heading>-5.605696573967174e-05</heading>
				<tilt>1.323741407515815</tilt>
				<range>101.2519166031659</range>
				<gx:altitudeMode>relativeToSeaFloor</gx:altitudeMode>
			</LookAt>
			<styleUrl>#m_ylw-pushpin10</styleUrl>
			<Point>
				<gx:drawOrder>1</gx:drawOrder>
				<coordinates>84.82045966268699,25.57194167402514,0</coordinates>
			</Point>
		</Placemark>
		<Placemark>
			<name>P</name>
			<LookAt>
				<gx:TimeStamp><when>2025-05-15</when>
</gx:TimeStamp>
				<gx:ViewerOptions>
					<gx:option name="historicalimagery"></gx:option>
					<gx:option enabled="0" name="sunlight"></gx:option>
					<gx:option enabled="0" name="streetview"></gx:option>
				</gx:ViewerOptions>
				<longitude>84.82091541013376</longitude>
				<latitude>25.5718603140972</latitude>
				<altitude>0</altitude>
				<heading>-3.088716165036258e-12</heading>
				<tilt>0</tilt>
				<range>95.88106476372877</range>
				<gx:altitudeMode>relativeToSeaFloor</gx:altitudeMode>
			</LookAt>
			<styleUrl>#m_ylw-pushpin10</styleUrl>
			<Point>
				<gx:drawOrder>1</gx:drawOrder>
				<coordinates>84.82090964490034,25.57187364040308,0</coordinates>
			</Point>
		</Placemark>
		<Placemark>
			<name>DP</name>
			<LookAt>
				<gx:TimeStamp><when>2025-05-15</when>
</gx:TimeStamp>
				<gx:ViewerOptions>
					<gx:option name="historicalimagery"></gx:option>
					<gx:option enabled="0" name="sunlight"></gx:option>
					<gx:option enabled="0" name="streetview"></gx:option>
				</gx:ViewerOptions>
				<longitude>84.82100642171972</longitude>
				<latitude>25.57185109556801</latitude>
				<altitude>0</altitude>
				<heading>3.92844745424195e-05</heading>
				<tilt>0</tilt>
				<range>95.76216200440068</range>
				<gx:altitudeMode>relativeToSeaFloor</gx:altitudeMode>
			</LookAt>
			<styleUrl>#m_ylw-pushpin10</styleUrl>
			<Point>
				<gx:drawOrder>1</gx:drawOrder>
				<coordinates>84.82104309289288,25.57185920315037,0</coordinates>
			</Point>
		</Placemark>
		<Placemark>
			<name>P</name>
			<LookAt>
				<gx:TimeStamp><when>2025-05-15</when>
</gx:TimeStamp>
				<gx:ViewerOptions>
					<gx:option name="historicalimagery"></gx:option>
					<gx:option enabled="0" name="sunlight"></gx:option>
					<gx:option enabled="0" name="streetview"></gx:option>
				</gx:ViewerOptions>
				<longitude>84.8212293117104</longitude>
				<latitude>25.57167925741756</latitude>
				<altitude>0</altitude>
				<heading>-3.889905618522176e-05</heading>
				<tilt>0</tilt>
				<range>104.3932693509185</range>
				<gx:altitudeMode>relativeToSeaFloor</gx:altitudeMode>
			</LookAt>
			<styleUrl>#m_ylw-pushpin10</styleUrl>
			<Point>
				<gx:drawOrder>1</gx:drawOrder>
				<coordinates>84.8212575198163,25.57174746436947,0</coordinates>
			</Point>
		</Placemark>
		<Placemark>
			<name>P</name>
			<LookAt>
				<gx:TimeStamp><when>2025-05-15</when>
</gx:TimeStamp>
				<gx:ViewerOptions>
					<gx:option name="historicalimagery"></gx:option>
					<gx:option enabled="0" name="sunlight"></gx:option>
					<gx:option enabled="0" name="streetview"></gx:option>
				</gx:ViewerOptions>
				<longitude>84.8212293117104</longitude>
				<latitude>25.57167925741756</latitude>
				<altitude>0</altitude>
				<heading>-3.889905618522176e-05</heading>
				<tilt>0</tilt>
				<range>104.3932693509185</range>
				<gx:altitudeMode>relativeToSeaFloor</gx:altitudeMode>
			</LookAt>
			<styleUrl>#m_ylw-pushpin10</styleUrl>
			<Point>
				<gx:drawOrder>1</gx:drawOrder>
				<coordinates>84.8215825799163,25.57162391407727,0</coordinates>
			</Point>
		</Placemark>
		<Placemark>
			<name>P</name>
			<LookAt>
				<gx:TimeStamp><when>2025-05-15</when>
</gx:TimeStamp>
				<gx:ViewerOptions>
					<gx:option name="historicalimagery"></gx:option>
					<gx:option enabled="0" name="sunlight"></gx:option>
					<gx:option enabled="0" name="streetview"></gx:option>
				</gx:ViewerOptions>
				<longitude>84.82184196669968</longitude>
				<latitude>25.57270948572994</latitude>
				<altitude>0</altitude>
				<heading>-71.75460815387912</heading>
				<tilt>45.78952875962067</tilt>
				<range>100.6250657976298</range>
				<gx:altitudeMode>relativeToSeaFloor</gx:altitudeMode>
			</LookAt>
			<styleUrl>#m_ylw-pushpin10</styleUrl>
			<Point>
				<gx:drawOrder>1</gx:drawOrder>
				<coordinates>84.82170863287503,25.57274913468805,0</coordinates>
			</Point>
		</Placemark>
		<Placemark>
			<name>P</name>
			<Camera>
				<gx:TimeStamp><when>2025-05-15</when>
</gx:TimeStamp>
				<gx:ViewerOptions>
					<gx:option name="historicalimagery"></gx:option>
					<gx:option enabled="0" name="sunlight"></gx:option>
					<gx:option enabled="0" name="streetview"></gx:option>
				</gx:ViewerOptions>
				<longitude>84.82193900126896</longitude>
				<latitude>25.57279214654287</latitude>
				<altitude>129.8099163978153</altitude>
				<heading>-40.43780593411762</heading>
				<tilt>0.03269717106145012</tilt>
				<roll>-40.38866115283672</roll>
				<gx:altitudeMode>relativeToSeaFloor</gx:altitudeMode>
			</Camera>
			<styleUrl>#m_ylw-pushpin10</styleUrl>
			<Point>
				<gx:drawOrder>1</gx:drawOrder>
				<coordinates>84.82190823235881,25.57280716618206,0</coordinates>
			</Point>
		</Placemark>
		<Placemark>
			<name>P</name>
			<Camera>
				<gx:TimeStamp><when>2025-05-15</when>
</gx:TimeStamp>
				<gx:ViewerOptions>
					<gx:option name="historicalimagery"></gx:option>
					<gx:option enabled="0" name="sunlight"></gx:option>
					<gx:option enabled="0" name="streetview"></gx:option>
				</gx:ViewerOptions>
				<longitude>84.82193900126896</longitude>
				<latitude>25.57279214654287</latitude>
				<altitude>129.8099163978153</altitude>
				<heading>-40.43780593411762</heading>
				<tilt>0.03269717106145012</tilt>
				<roll>-40.38866115283672</roll>
				<gx:altitudeMode>relativeToSeaFloor</gx:altitudeMode>
			</Camera>
			<styleUrl>#m_ylw-pushpin10</styleUrl>
			<Point>
				<gx:drawOrder>1</gx:drawOrder>
				<coordinates>84.82212423906897,25.57290380862521,0</coordinates>
			</Point>
		</Placemark>
		<Placemark>
			<name>P</name>
			<LookAt>
				<gx:TimeStamp><when>2025-05-15</when>
</gx:TimeStamp>
				<gx:ViewerOptions>
					<gx:option name="historicalimagery"></gx:option>
					<gx:option enabled="0" name="sunlight"></gx:option>
					<gx:option enabled="0" name="streetview"></gx:option>
				</gx:ViewerOptions>
				<longitude>84.82247927404346</longitude>
				<latitude>25.57313288558435</latitude>
				<altitude>0</altitude>
				<heading>-27.87522851148758</heading>
				<tilt>45.00092254629146</tilt>
				<range>152.1760251148921</range>
				<gx:altitudeMode>relativeToSeaFloor</gx:altitudeMode>
			</LookAt>
			<styleUrl>#m_ylw-pushpin10</styleUrl>
			<Point>
				<gx:drawOrder>1</gx:drawOrder>
				<coordinates>84.82238742562619,25.57308236221092,0</coordinates>
			</Point>
		</Placemark>
		<Placemark>
			<name>P</name>
			<LookAt>
				<gx:TimeStamp><when>2025-05-15</when>
</gx:TimeStamp>
				<gx:ViewerOptions>
					<gx:option name="historicalimagery"></gx:option>
					<gx:option enabled="0" name="sunlight"></gx:option>
					<gx:option enabled="0" name="streetview"></gx:option>
				</gx:ViewerOptions>
				<longitude>84.82247927404346</longitude>
				<latitude>25.57313288558435</latitude>
				<altitude>0</altitude>
				<heading>-27.87522851148758</heading>
				<tilt>45.00092254629146</tilt>
				<range>152.1760251148921</range>
				<gx:altitudeMode>relativeToSeaFloor</gx:altitudeMode>
			</LookAt>
			<styleUrl>#m_ylw-pushpin10</styleUrl>
			<Point>
				<gx:drawOrder>1</gx:drawOrder>
				<coordinates>84.82260444505602,25.57321833120537,0</coordinates>
			</Point>
		</Placemark>
		<Placemark>
			<name>P</name>
			<LookAt>
				<gx:TimeStamp><when>2025-05-15</when>
</gx:TimeStamp>
				<gx:ViewerOptions>
					<gx:option name="historicalimagery"></gx:option>
					<gx:option enabled="0" name="sunlight"></gx:option>
					<gx:option enabled="0" name="streetview"></gx:option>
				</gx:ViewerOptions>
				<longitude>84.82294359184161</longitude>
				<latitude>25.57337963885987</latitude>
				<altitude>0</altitude>
				<heading>-5.010357271463534e-06</heading>
				<tilt>0</tilt>
				<range>96.52686531571034</range>
				<gx:altitudeMode>relativeToSeaFloor</gx:altitudeMode>
			</LookAt>
			<styleUrl>#m_ylw-pushpin10</styleUrl>
			<Point>
				<gx:drawOrder>1</gx:drawOrder>
				<coordinates>84.82284618451359,25.57340357206567,0</coordinates>
			</Point>
		</Placemark>
		<Placemark>
			<name>P</name>
			<LookAt>
				<gx:TimeStamp><when>2025-05-15</when>
</gx:TimeStamp>
				<gx:ViewerOptions>
					<gx:option name="historicalimagery"></gx:option>
					<gx:option enabled="0" name="sunlight"></gx:option>
					<gx:option enabled="0" name="streetview"></gx:option>
				</gx:ViewerOptions>
				<longitude>84.82311613790249</longitude>
				<latitude>25.57363513998366</latitude>
				<altitude>0</altitude>
				<heading>-37.64323585405431</heading>
				<tilt>37.61034843304476</tilt>
				<range>204.2780427818073</range>
				<gx:altitudeMode>relativeToSeaFloor</gx:altitudeMode>
			</LookAt>
			<styleUrl>#m_ylw-pushpin10</styleUrl>
			<Point>
				<gx:drawOrder>1</gx:drawOrder>
				<coordinates>84.82330708229199,25.5736748610354,0</coordinates>
			</Point>
		</Placemark>
		<Placemark>
			<name>P</name>
			<LookAt>
				<longitude>84.82570576980572</longitude>
				<latitude>25.57512732709132</latitude>
				<altitude>0</altitude>
				<heading>-0.0001959355428391749</heading>
				<tilt>0</tilt>
				<range>280.6654632303405</range>
				<gx:altitudeMode>relativeToSeaFloor</gx:altitudeMode>
			</LookAt>
			<styleUrl>#m_ylw-pushpin1</styleUrl>
			<Point>
				<gx:drawOrder>1</gx:drawOrder>
				<coordinates>84.82533306208482,25.5752422374987,0</coordinates>
			</Point>
		</Placemark>
		<Placemark>
			<name>P</name>
			<LookAt>
				<longitude>84.82570576980572</longitude>
				<latitude>25.57512732709132</latitude>
				<altitude>0</altitude>
				<heading>-0.0001959355428391749</heading>
				<tilt>0</tilt>
				<range>280.6654632303405</range>
				<gx:altitudeMode>relativeToSeaFloor</gx:altitudeMode>
			</LookAt>
			<styleUrl>#m_ylw-pushpin1</styleUrl>
			<Point>
				<gx:drawOrder>1</gx:drawOrder>
				<coordinates>84.82583429640484,25.57587140344692,0</coordinates>
			</Point>
		</Placemark>
		<Placemark>
			<name>P</name>
			<LookAt>
				<longitude>84.82637492823302</longitude>
				<latitude>25.57611436676652</latitude>
				<altitude>0</altitude>
				<heading>-4.029974074726678e-05</heading>
				<tilt>0</tilt>
				<range>129.3318873824336</range>
				<gx:altitudeMode>relativeToSeaFloor</gx:altitudeMode>
			</LookAt>
			<styleUrl>#m_ylw-pushpin1</styleUrl>
			<Point>
				<gx:drawOrder>1</gx:drawOrder>
				<coordinates>84.8261146233103,25.57610873473933,0</coordinates>
			</Point>
		</Placemark>
		<Placemark>
			<name>P</name>
			<LookAt>
				<longitude>84.82639827648921</longitude>
				<latitude>25.57623283194694</latitude>
				<altitude>0</altitude>
				<heading>-3.022004263091247e-05</heading>
				<tilt>0</tilt>
				<range>129.1231445227856</range>
				<gx:altitudeMode>relativeToSeaFloor</gx:altitudeMode>
			</LookAt>
			<styleUrl>#m_ylw-pushpin1</styleUrl>
			<Point>
				<gx:drawOrder>1</gx:drawOrder>
				<coordinates>84.82637122289294,25.57640321404958,0</coordinates>
			</Point>
		</Placemark>
		<Placemark>
			<name>P</name>
			<LookAt>
				<longitude>84.82674557130925</longitude>
				<latitude>25.57696812244541</latitude>
				<altitude>0</altitude>
				<heading>9.890729920681169e-12</heading>
				<tilt>0</tilt>
				<range>100.7704279837672</range>
				<gx:altitudeMode>relativeToSeaFloor</gx:altitudeMode>
			</LookAt>
			<styleUrl>#m_ylw-pushpin1</styleUrl>
			<Point>
				<gx:drawOrder>1</gx:drawOrder>
				<coordinates>84.82664856698038,25.57702246715983,0</coordinates>
			</Point>
		</Placemark>
		<Placemark>
			<name>P</name>
			<LookAt>
				<longitude>84.82697979625669</longitude>
				<latitude>25.57722881332034</latitude>
				<altitude>0</altitude>
				<heading>5.474132176133894e-12</heading>
				<tilt>0</tilt>
				<range>105.591037278413</range>
				<gx:altitudeMode>relativeToSeaFloor</gx:altitudeMode>
			</LookAt>
			<styleUrl>#m_ylw-pushpin1</styleUrl>
			<Point>
				<gx:drawOrder>1</gx:drawOrder>
				<coordinates>84.82701313110759,25.57723847801508,0</coordinates>
			</Point>
		</Placemark>
		<Placemark>
			<name>P</name>
			<LookAt>
				<longitude>84.82699929437929</longitude>
				<latitude>25.57741543159048</latitude>
				<altitude>0</altitude>
				<heading>1.914682805740828e-05</heading>
				<tilt>0</tilt>
				<range>103.5815304995809</range>
				<gx:altitudeMode>relativeToSeaFloor</gx:altitudeMode>
			</LookAt>
			<styleUrl>#m_ylw-pushpin1</styleUrl>
			<Point>
				<gx:drawOrder>1</gx:drawOrder>
				<coordinates>84.82689967903445,25.57744737163411,0</coordinates>
			</Point>
		</Placemark>
		<Placemark>
			<name>P</name>
			<LookAt>
				<longitude>84.82730659532251</longitude>
				<latitude>25.57772566993415</latitude>
				<altitude>0</altitude>
				<heading>4.36209861983872e-05</heading>
				<tilt>0</tilt>
				<range>201.2075343988527</range>
				<gx:altitudeMode>relativeToSeaFloor</gx:altitudeMode>
			</LookAt>
			<styleUrl>#m_ylw-pushpin1</styleUrl>
			<Point>
				<gx:drawOrder>1</gx:drawOrder>
				<coordinates>84.8270029666203,25.57789803253257,0</coordinates>
			</Point>
		</Placemark>
		<Placemark>
			<name>P</name>
			<LookAt>
				<longitude>84.82721768865927</longitude>
				<latitude>25.57725408376384</latitude>
				<altitude>0</altitude>
				<heading>5.237947973529049e-06</heading>
				<tilt>0</tilt>
				<range>301.1841976512294</range>
				<gx:altitudeMode>relativeToSeaFloor</gx:altitudeMode>
			</LookAt>
			<styleUrl>#m_ylw-pushpin1</styleUrl>
			<Point>
				<gx:drawOrder>1</gx:drawOrder>
				<coordinates>84.82742998874669,25.57787236667141,0</coordinates>
			</Point>
		</Placemark>
		<Placemark>
			<name>L</name>
			<styleUrl>#m_ylw-pushpin2</styleUrl>
			<LineString>
				<tessellate>1</tessellate>
				<coordinates>
					84.82742998442684,25.57788453385358,0 84.8270299108175,25.57726139366806,0 84.82703474419412,25.57669889225336,0 
				</coordinates>
			</LineString>
		</Placemark>
		<Placemark>
			<name>P</name>
			<LookAt>
				<longitude>84.82775843827821</longitude>
				<latitude>25.57883520664972</latitude>
				<altitude>0</altitude>
				<heading>3.360948815191626e-05</heading>
				<tilt>0</tilt>
				<range>100.4029120504438</range>
				<gx:altitudeMode>relativeToSeaFloor</gx:altitudeMode>
			</LookAt>
			<styleUrl>#m_ylw-pushpin1</styleUrl>
			<Point>
				<gx:drawOrder>1</gx:drawOrder>
				<coordinates>84.82779086265397,25.57888247709035,0</coordinates>
			</Point>
		</Placemark>
		<Placemark>
			<name>P</name>
			<LookAt>
				<longitude>84.82789862773735</longitude>
				<latitude>25.57906877609792</latitude>
				<altitude>0</altitude>
				<heading>99.38026312094564</heading>
				<tilt>46.60731128873944</tilt>
				<range>101.8875290522724</range>
				<gx:altitudeMode>relativeToSeaFloor</gx:altitudeMode>
			</LookAt>
			<styleUrl>#m_ylw-pushpin1</styleUrl>
			<Point>
				<gx:drawOrder>1</gx:drawOrder>
				<coordinates>84.82795615106764,25.57912308553708,0</coordinates>
			</Point>
		</Placemark>
		<Placemark>
			<name>P</name>
			<LookAt>
				<longitude>84.82788306483847</longitude>
				<latitude>25.57888892157016</latitude>
				<altitude>0</altitude>
				<heading>-1.440271729759485e-05</heading>
				<tilt>0</tilt>
				<range>259.0974765186514</range>
				<gx:altitudeMode>relativeToSeaFloor</gx:altitudeMode>
			</LookAt>
			<styleUrl>#m_ylw-pushpin1</styleUrl>
			<Point>
				<gx:drawOrder>1</gx:drawOrder>
				<coordinates>84.82749844121187,25.57909056111153,0</coordinates>
			</Point>
		</Placemark>
		<Placemark>
			<name>DP</name>
			<LookAt>
				<longitude>84.82811270283817</longitude>
				<latitude>25.57935057763463</latitude>
				<altitude>0</altitude>
				<heading>8.474775639496467e-05</heading>
				<tilt>0</tilt>
				<range>258.6086335645364</range>
				<gx:altitudeMode>relativeToSeaFloor</gx:altitudeMode>
			</LookAt>
			<styleUrl>#m_ylw-pushpin1</styleUrl>
			<Point>
				<gx:drawOrder>1</gx:drawOrder>
				<coordinates>84.82805050865115,25.57936197278103,0</coordinates>
			</Point>
		</Placemark>
		<Placemark>
			<name>P</name>
			<LookAt>
				<longitude>84.8279276363388</longitude>
				<latitude>25.57944353994877</latitude>
				<altitude>0</altitude>
				<heading>-5.12067481826386e-05</heading>
				<tilt>0</tilt>
				<range>152.2249069033559</range>
				<gx:altitudeMode>relativeToSeaFloor</gx:altitudeMode>
			</LookAt>
			<styleUrl>#m_ylw-pushpin</styleUrl>
			<Point>
				<gx:drawOrder>1</gx:drawOrder>
				<coordinates>84.82774662343778,25.57950709144864,0</coordinates>
			</Point>
		</Placemark>
		<Placemark>
			<name>P</name>
			<LookAt>
				<longitude>84.82868172489904</longitude>
				<latitude>25.58066786782515</latitude>
				<altitude>0</altitude>
				<heading>6.9841005111587e-12</heading>
				<tilt>0</tilt>
				<range>104.9953948037301</range>
				<gx:altitudeMode>relativeToSeaFloor</gx:altitudeMode>
			</LookAt>
			<styleUrl>#m_ylw-pushpin</styleUrl>
			<Point>
				<gx:drawOrder>1</gx:drawOrder>
				<coordinates>84.82867462906722,25.58062484401293,0</coordinates>
			</Point>
		</Placemark>
		<Placemark>
			<name>P</name>
			<LookAt>
				<longitude>84.82871623735386</longitude>
				<latitude>25.5805004164291</latitude>
				<altitude>0</altitude>
				<heading>-69.06875731457789</heading>
				<tilt>48.76395337180301</tilt>
				<range>93.02570800661445</range>
				<gx:altitudeMode>relativeToSeaFloor</gx:altitudeMode>
			</LookAt>
			<styleUrl>#m_ylw-pushpin</styleUrl>
			<Point>
				<gx:drawOrder>1</gx:drawOrder>
				<coordinates>84.82879161890796,25.58056275827443,0</coordinates>
			</Point>
		</Placemark>
		<Placemark>
			<name>P</name>
			<LookAt>
				<longitude>84.82871623735386</longitude>
				<latitude>25.5805004164291</latitude>
				<altitude>0</altitude>
				<heading>-69.06875731457789</heading>
				<tilt>48.76395337180301</tilt>
				<range>93.02570800661445</range>
				<gx:altitudeMode>relativeToSeaFloor</gx:altitudeMode>
			</LookAt>
			<styleUrl>#m_ylw-pushpin</styleUrl>
			<Point>
				<gx:drawOrder>1</gx:drawOrder>
				<coordinates>84.82854772976626,25.58056711868163,0</coordinates>
			</Point>
		</Placemark>
		<Placemark>
			<name>P</name>
			<LookAt>
				<longitude>84.82867924819682</longitude>
				<latitude>25.58086414488326</latitude>
				<altitude>0</altitude>
				<heading>-91.13367275905011</heading>
				<tilt>45.008570902763</tilt>
				<range>102.5871975778104</range>
				<gx:altitudeMode>relativeToSeaFloor</gx:altitudeMode>
			</LookAt>
			<styleUrl>#m_ylw-pushpin</styleUrl>
			<Point>
				<gx:drawOrder>1</gx:drawOrder>
				<coordinates>84.8286843122992,25.58086284895557,0</coordinates>
			</Point>
		</Placemark>
		<Placemark>
			<name>P</name>
			<LookAt>
				<longitude>84.82933593164611</longitude>
				<latitude>25.5816079793803</latitude>
				<altitude>0</altitude>
				<heading>-58.58451377620396</heading>
				<tilt>45.23185285797882</tilt>
				<range>102.3773399691514</range>
				<gx:altitudeMode>relativeToSeaFloor</gx:altitudeMode>
			</LookAt>
			<styleUrl>#m_ylw-pushpin</styleUrl>
			<Point>
				<gx:drawOrder>1</gx:drawOrder>
				<coordinates>84.82934510162134,25.58171519233651,0</coordinates>
			</Point>
		</Placemark>
		<Placemark>
			<name>P</name>
			<LookAt>
				<longitude>84.82933593164611</longitude>
				<latitude>25.5816079793803</latitude>
				<altitude>0</altitude>
				<heading>-58.58451377620396</heading>
				<tilt>45.23185285797882</tilt>
				<range>102.3773399691514</range>
				<gx:altitudeMode>relativeToSeaFloor</gx:altitudeMode>
			</LookAt>
			<styleUrl>#m_ylw-pushpin</styleUrl>
			<Point>
				<gx:drawOrder>1</gx:drawOrder>
				<coordinates>84.82944455369919,25.5816822116985,0</coordinates>
			</Point>
		</Placemark>
		<Placemark>
			<name>P</name>
			<LookAt>
				<longitude>84.82954556760401</longitude>
				<latitude>25.5818494055832</latitude>
				<altitude>0</altitude>
				<heading>-98.56884116609091</heading>
				<tilt>46.72510232391481</tilt>
				<range>98.75280740245528</range>
				<gx:altitudeMode>relativeToSeaFloor</gx:altitudeMode>
			</LookAt>
			<styleUrl>#m_ylw-pushpin</styleUrl>
			<Point>
				<gx:drawOrder>1</gx:drawOrder>
				<coordinates>84.82954750749474,25.58182661447109,0</coordinates>
			</Point>
		</Placemark>
		<Placemark>
			<name>P</name>
			<LookAt>
				<longitude>84.82961839477989</longitude>
				<latitude>25.58192814830424</latitude>
				<altitude>0</altitude>
				<heading>-91.19999314600582</heading>
				<tilt>47.25257850538557</tilt>
				<range>97.56539586652478</range>
				<gx:altitudeMode>relativeToSeaFloor</gx:altitudeMode>
			</LookAt>
			<styleUrl>#m_ylw-pushpin</styleUrl>
			<Point>
				<gx:drawOrder>1</gx:drawOrder>
				<coordinates>84.82962227055023,25.58193943083533,0</coordinates>
			</Point>
		</Placemark>
		<Placemark>
			<name>P</name>
			<LookAt>
				<longitude>84.82964721834897</longitude>
				<latitude>25.58202570588688</latitude>
				<altitude>0</altitude>
				<heading>-46.17206824951089</heading>
				<tilt>45.70339762253627</tilt>
				<range>100.1318135261196</range>
				<gx:altitudeMode>relativeToSeaFloor</gx:altitudeMode>
			</LookAt>
			<styleUrl>#m_ylw-pushpin</styleUrl>
			<Point>
				<gx:drawOrder>1</gx:drawOrder>
				<coordinates>84.82949183949471,25.58198156455466,0</coordinates>
			</Point>
		</Placemark>
		<Placemark>
			<name>P</name>
			<LookAt>
				<longitude>84.82978093774435</longitude>
				<latitude>25.58215389023365</latitude>
				<altitude>0</altitude>
				<heading>-58.44069238017329</heading>
				<tilt>47.34406314980296</tilt>
				<range>98.08342116317083</range>
				<gx:altitudeMode>relativeToSeaFloor</gx:altitudeMode>
			</LookAt>
			<styleUrl>#m_ylw-pushpin</styleUrl>
			<Point>
				<gx:drawOrder>1</gx:drawOrder>
				<coordinates>84.82973478153333,25.58211540092327,0</coordinates>
			</Point>
		</Placemark>
		<Placemark>
			<name>P</name>
			<LookAt>
				<longitude>84.82964721834897</longitude>
				<latitude>25.58202570588688</latitude>
				<altitude>0</altitude>
				<heading>-46.17206824951089</heading>
				<tilt>45.70339762253627</tilt>
				<range>100.1318135261196</range>
				<gx:altitudeMode>relativeToSeaFloor</gx:altitudeMode>
			</LookAt>
			<styleUrl>#m_ylw-pushpin</styleUrl>
			<Point>
				<gx:drawOrder>1</gx:drawOrder>
				<coordinates>84.82963742563724,25.58224211235622,0</coordinates>
			</Point>
		</Placemark>
		<Placemark>
			<name>P</name>
			<LookAt>
				<longitude>84.82986892699766</longitude>
				<latitude>25.58235971685849</latitude>
				<altitude>0</altitude>
				<heading>-10.45255543042493</heading>
				<tilt>45.275485243345</tilt>
				<range>101.479076395948</range>
				<gx:altitudeMode>relativeToSeaFloor</gx:altitudeMode>
			</LookAt>
			<styleUrl>#m_ylw-pushpin</styleUrl>
			<Point>
				<gx:drawOrder>1</gx:drawOrder>
				<coordinates>84.82988853233448,25.58233828109292,0</coordinates>
			</Point>
		</Placemark>
		<Placemark>
			<name>P</name>
			<LookAt>
				<longitude>84.82986892699766</longitude>
				<latitude>25.58235971685849</latitude>
				<altitude>0</altitude>
				<heading>-10.45255543042493</heading>
				<tilt>45.275485243345</tilt>
				<range>101.479076395948</range>
				<gx:altitudeMode>relativeToSeaFloor</gx:altitudeMode>
			</LookAt>
			<styleUrl>#m_ylw-pushpin</styleUrl>
			<Point>
				<gx:drawOrder>1</gx:drawOrder>
				<coordinates>84.82996427380958,25.58228643251397,0</coordinates>
			</Point>
		</Placemark>
		<Placemark>
			<name>P</name>
			<LookAt>
				<longitude>84.82999554600127</longitude>
				<latitude>25.58246214371439</latitude>
				<altitude>0</altitude>
				<heading>9.707052887826654e-12</heading>
				<tilt>0</tilt>
				<range>104.7485226805271</range>
				<gx:altitudeMode>relativeToSeaFloor</gx:altitudeMode>
			</LookAt>
			<styleUrl>#m_ylw-pushpin</styleUrl>
			<Point>
				<gx:drawOrder>1</gx:drawOrder>
				<coordinates>84.82999790835228,25.58249161914275,0</coordinates>
			</Point>
		</Placemark>
		<Placemark>
			<name>P</name>
			<LookAt>
				<longitude>84.82999230124071</longitude>
				<latitude>25.58246379053578</latitude>
				<altitude>0</altitude>
				<heading>-71.35729083640757</heading>
				<tilt>46.75973350684247</tilt>
				<range>97.23344928954231</range>
				<gx:altitudeMode>relativeToSeaFloor</gx:altitudeMode>
			</LookAt>
			<styleUrl>#m_ylw-pushpin</styleUrl>
			<Point>
				<gx:drawOrder>1</gx:drawOrder>
				<coordinates>84.82986839637809,25.58251758775587,0</coordinates>
			</Point>
		</Placemark>
		<Placemark>
			<name>P</name>
			<LookAt>
				<longitude>84.83011214991832</longitude>
				<latitude>25.58249701891265</latitude>
				<altitude>0</altitude>
				<heading>-9.265468771305411</heading>
				<tilt>46.77115320511458</tilt>
				<range>85.61224232492219</range>
				<gx:altitudeMode>relativeToSeaFloor</gx:altitudeMode>
			</LookAt>
			<styleUrl>#m_ylw-pushpin</styleUrl>
			<Point>
				<gx:drawOrder>1</gx:drawOrder>
				<coordinates>84.83010431890554,25.58264747053076,0</coordinates>
			</Point>
		</Placemark>
		<Placemark>
			<name>P</name>
			<LookAt>
				<longitude>84.83014139190851</longitude>
				<latitude>25.58257643678485</latitude>
				<altitude>0</altitude>
				<heading>-1.270472567510602e-11</heading>
				<tilt>0</tilt>
				<range>85.78382032929328</range>
				<gx:altitudeMode>relativeToSeaFloor</gx:altitudeMode>
			</LookAt>
			<styleUrl>#m_ylw-pushpin</styleUrl>
			<Point>
				<gx:drawOrder>1</gx:drawOrder>
				<coordinates>84.8300134035987,25.58273881167906,0</coordinates>
			</Point>
		</Placemark>
		<Placemark>
			<name>P</name>
			<LookAt>
				<longitude>84.83018809024053</longitude>
				<latitude>25.58283116944258</latitude>
				<altitude>0</altitude>
				<heading>-7.11344711079773e-05</heading>
				<tilt>0</tilt>
				<range>86.96284899023229</range>
				<gx:altitudeMode>relativeToSeaFloor</gx:altitudeMode>
			</LookAt>
			<styleUrl>#m_ylw-pushpin</styleUrl>
			<Point>
				<gx:drawOrder>1</gx:drawOrder>
				<coordinates>84.83020247028244,25.58282792689866,0</coordinates>
			</Point>
		</Placemark>
		<Placemark>
			<name>P</name>
			<LookAt>
				<longitude>84.83028209871105</longitude>
				<latitude>25.5830143319694</latitude>
				<altitude>0</altitude>
				<heading>1.243318581917607e-11</heading>
				<tilt>0</tilt>
				<range>102.046042428866</range>
				<gx:altitudeMode>relativeToSeaFloor</gx:altitudeMode>
			</LookAt>
			<styleUrl>#m_ylw-pushpin</styleUrl>
			<Point>
				<gx:drawOrder>1</gx:drawOrder>
				<coordinates>84.83033198351032,25.58303129126773,0</coordinates>
			</Point>
		</Placemark>
		<Placemark>
			<name>P</name>
			<LookAt>
				<longitude>84.83038097995625</longitude>
				<latitude>25.5831009067139</latitude>
				<altitude>0</altitude>
				<heading>-6.495487798218866e-12</heading>
				<tilt>0</tilt>
				<range>97.0412908097765</range>
				<gx:altitudeMode>relativeToSeaFloor</gx:altitudeMode>
			</LookAt>
			<styleUrl>#m_ylw-pushpin</styleUrl>
			<Point>
				<gx:drawOrder>1</gx:drawOrder>
				<coordinates>84.83046213775037,25.58302671638755,0</coordinates>
			</Point>
		</Placemark>
		<Placemark>
			<name>P</name>
			<LookAt>
				<longitude>84.83038097995625</longitude>
				<latitude>25.5831009067139</latitude>
				<altitude>0</altitude>
				<heading>-6.495487798218866e-12</heading>
				<tilt>0</tilt>
				<range>97.0412908097765</range>
				<gx:altitudeMode>relativeToSeaFloor</gx:altitudeMode>
			</LookAt>
			<styleUrl>#m_ylw-pushpin</styleUrl>
			<Point>
				<gx:drawOrder>1</gx:drawOrder>
				<coordinates>84.83053821469505,25.58303659312526,0</coordinates>
			</Point>
		</Placemark>
		<Placemark>
			<name>P</name>
			<LookAt>
				<longitude>84.83025920268435</longitude>
				<latitude>25.58304989797893</latitude>
				<altitude>0</altitude>
				<heading>-5.255380382192237e-05</heading>
				<tilt>0</tilt>
				<range>131.5341164526357</range>
				<gx:altitudeMode>relativeToSeaFloor</gx:altitudeMode>
			</LookAt>
			<styleUrl>#m_ylw-pushpin</styleUrl>
			<Point>
				<gx:drawOrder>1</gx:drawOrder>
				<coordinates>84.83016526842641,25.58304856022304,0</coordinates>
			</Point>
		</Placemark>
		<Placemark>
			<name>P</name>
			<LookAt>
				<longitude>84.8306739993884</longitude>
				<latitude>25.58344815058265</latitude>
				<altitude>0</altitude>
				<heading>-51.23641722856842</heading>
				<tilt>47.45838302608153</tilt>
				<range>96.28862647059323</range>
				<gx:altitudeMode>relativeToSeaFloor</gx:altitudeMode>
			</LookAt>
			<styleUrl>#m_ylw-pushpin</styleUrl>
			<Point>
				<gx:drawOrder>1</gx:drawOrder>
				<coordinates>84.83050497107517,25.58322098029883,0</coordinates>
			</Point>
		</Placemark>
		<Placemark>
			<name>P</name>
			<LookAt>
				<longitude>84.83050463928627</longitude>
				<latitude>25.58314741318878</latitude>
				<altitude>0</altitude>
				<heading>-77.94745854544379</heading>
				<tilt>47.00621763344541</tilt>
				<range>92.21369629961761</range>
				<gx:altitudeMode>relativeToSeaFloor</gx:altitudeMode>
			</LookAt>
			<styleUrl>#m_ylw-pushpin</styleUrl>
			<Point>
				<gx:drawOrder>1</gx:drawOrder>
				<coordinates>84.83035219995129,25.58328105183579,0</coordinates>
			</Point>
		</Placemark>
		<Placemark>
			<name>P</name>
			<LookAt>
				<longitude>84.8306739993884</longitude>
				<latitude>25.58344815058265</latitude>
				<altitude>0</altitude>
				<heading>-51.23641722856842</heading>
				<tilt>47.45838302608153</tilt>
				<range>96.28862647059323</range>
				<gx:altitudeMode>relativeToSeaFloor</gx:altitudeMode>
			</LookAt>
			<styleUrl>#m_ylw-pushpin</styleUrl>
			<Point>
				<gx:drawOrder>1</gx:drawOrder>
				<coordinates>84.83059343108208,25.58360610405118,0</coordinates>
			</Point>
		</Placemark>
		<Placemark>
			<name>P</name>
			<LookAt>
				<longitude>84.8306739993884</longitude>
				<latitude>25.58344815058265</latitude>
				<altitude>0</altitude>
				<heading>-51.23641722856842</heading>
				<tilt>47.45838302608153</tilt>
				<range>96.28862647059323</range>
				<gx:altitudeMode>relativeToSeaFloor</gx:altitudeMode>
			</LookAt>
			<styleUrl>#m_ylw-pushpin</styleUrl>
			<Point>
				<gx:drawOrder>1</gx:drawOrder>
				<coordinates>84.83065723792683,25.58344592988897,0</coordinates>
			</Point>
		</Placemark>
		<Placemark>
			<name>P</name>
			<LookAt>
				<longitude>84.83093087330221</longitude>
				<latitude>25.58379126275999</latitude>
				<altitude>0</altitude>
				<heading>-0.1809518132642739</heading>
				<tilt>0.01056854530347511</tilt>
				<range>89.0594735320561</range>
				<gx:altitudeMode>relativeToSeaFloor</gx:altitudeMode>
			</LookAt>
			<styleUrl>#m_ylw-pushpin</styleUrl>
			<Point>
				<gx:drawOrder>1</gx:drawOrder>
				<coordinates>84.83091279424737,25.58381632644248,0</coordinates>
			</Point>
		</Placemark>
		<Placemark>
			<name>P</name>
			<LookAt>
				<longitude>84.83121036026112</longitude>
				<latitude>25.58392591256052</latitude>
				<altitude>0</altitude>
				<heading>-0.1912808523904613</heading>
				<tilt>0.01056946544797503</tilt>
				<range>206.3534665783015</range>
				<gx:altitudeMode>relativeToSeaFloor</gx:altitudeMode>
			</LookAt>
			<styleUrl>#m_ylw-pushpin</styleUrl>
			<Point>
				<gx:drawOrder>1</gx:drawOrder>
				<coordinates>84.83103700483316,25.58385959914257,0</coordinates>
			</Point>
		</Placemark>
		<Placemark>
			<name>P</name>
			<LookAt>
				<longitude>84.83121036026112</longitude>
				<latitude>25.58392591256052</latitude>
				<altitude>0</altitude>
				<heading>-0.1912808523904613</heading>
				<tilt>0.01056946544797503</tilt>
				<range>206.3534665783015</range>
				<gx:altitudeMode>relativeToSeaFloor</gx:altitudeMode>
			</LookAt>
			<styleUrl>#m_ylw-pushpin</styleUrl>
			<Point>
				<gx:drawOrder>1</gx:drawOrder>
				<coordinates>84.83092673490772,25.58408317679383,0</coordinates>
			</Point>
		</Placemark>
		<Placemark>
			<name>P</name>
			<LookAt>
				<longitude>84.83103084601552</longitude>
				<latitude>25.5839781717565</latitude>
				<altitude>0</altitude>
				<heading>6.059354237523183e-12</heading>
				<tilt>0</tilt>
				<range>96.00998522771077</range>
				<gx:altitudeMode>relativeToSeaFloor</gx:altitudeMode>
			</LookAt>
			<styleUrl>#m_ylw-pushpin</styleUrl>
			<Point>
				<gx:drawOrder>1</gx:drawOrder>
				<coordinates>84.8310460166641,25.58400716719244,0</coordinates>
			</Point>
		</Placemark>
		<Placemark>
			<name>P</name>
			<LookAt>
				<longitude>84.83117850097722</longitude>
				<latitude>25.58415445189015</latitude>
				<altitude>0</altitude>
				<heading>6.376311837551908e-05</heading>
				<tilt>0</tilt>
				<range>96.57322752014348</range>
				<gx:altitudeMode>relativeToSeaFloor</gx:altitudeMode>
			</LookAt>
			<styleUrl>#m_ylw-pushpin</styleUrl>
			<Point>
				<gx:drawOrder>1</gx:drawOrder>
				<coordinates>84.83116033544761,25.58418296087926,0</coordinates>
			</Point>
		</Placemark>
		<Placemark>
			<name>P</name>
			<LookAt>
				<longitude>84.83121651456862</longitude>
				<latitude>25.58422156049378</latitude>
				<altitude>0</altitude>
				<heading>137.4783657714659</heading>
				<tilt>47.23683645766553</tilt>
				<range>100.3120891461238</range>
				<gx:altitudeMode>relativeToSeaFloor</gx:altitudeMode>
			</LookAt>
			<styleUrl>#m_ylw-pushpin</styleUrl>
			<Point>
				<gx:drawOrder>1</gx:drawOrder>
				<coordinates>84.83124476657417,25.58415563587375,0</coordinates>
			</Point>
		</Placemark>
		<Placemark>
			<name>P</name>
			<LookAt>
				<longitude>84.83120931225564</longitude>
				<latitude>25.5842287544973</latitude>
				<altitude>0</altitude>
				<heading>-6.303476657347481e-06</heading>
				<tilt>0</tilt>
				<range>102.0482295047601</range>
				<gx:altitudeMode>relativeToSeaFloor</gx:altitudeMode>
			</LookAt>
			<styleUrl>#m_ylw-pushpin</styleUrl>
			<Point>
				<gx:drawOrder>1</gx:drawOrder>
				<coordinates>84.83117928693633,25.584391589678,0</coordinates>
			</Point>
		</Placemark>
		<Placemark>
			<name>P</name>
			<LookAt>
				<longitude>84.83121105715752</longitude>
				<latitude>25.58437261182607</latitude>
				<altitude>0</altitude>
				<heading>-34.86659515202343</heading>
				<tilt>45.00060517465555</tilt>
				<range>102.1554428754903</range>
				<gx:altitudeMode>relativeToSeaFloor</gx:altitudeMode>
			</LookAt>
			<styleUrl>#m_ylw-pushpin</styleUrl>
			<Point>
				<gx:drawOrder>1</gx:drawOrder>
				<coordinates>84.83124258950423,25.58436876926117,0</coordinates>
			</Point>
		</Placemark>
		<Placemark>
			<name>P</name>
			<LookAt>
				<longitude>84.83151491500975</longitude>
				<latitude>25.58471897873897</latitude>
				<altitude>0</altitude>
				<heading>-57.69226662155314</heading>
				<tilt>45.42903388896781</tilt>
				<range>97.53683311240815</range>
				<gx:altitudeMode>relativeToSeaFloor</gx:altitudeMode>
			</LookAt>
			<styleUrl>#m_ylw-pushpin</styleUrl>
			<Point>
				<gx:drawOrder>1</gx:drawOrder>
				<coordinates>84.83148952604338,25.58474956504831,0</coordinates>
			</Point>
		</Placemark>
		<Placemark>
			<name>P</name>
			<LookAt>
				<longitude>84.831514915081</longitude>
				<latitude>25.5847189787678</latitude>
				<altitude>0</altitude>
				<heading>-57.69226662146453</heading>
				<tilt>45.42903388892893</tilt>
				<range>97.53683086727396</range>
				<gx:altitudeMode>relativeToSeaFloor</gx:altitudeMode>
			</LookAt>
			<styleUrl>#m_ylw-pushpin</styleUrl>
			<Point>
				<gx:drawOrder>1</gx:drawOrder>
				<coordinates>84.83138445735425,25.58457562818931,0</coordinates>
			</Point>
		</Placemark>
		<Placemark>
			<name>P</name>
			<LookAt>
				<longitude>84.83127619708119</longitude>
				<latitude>25.58444048985602</latitude>
				<altitude>0</altitude>
				<heading>12.32749491823257</heading>
				<tilt>46.32735297191094</tilt>
				<range>152.6045008894596</range>
				<gx:altitudeMode>relativeToSeaFloor</gx:altitudeMode>
			</LookAt>
			<styleUrl>#m_ylw-pushpin</styleUrl>
			<Point>
				<gx:drawOrder>1</gx:drawOrder>
				<coordinates>84.83138728551853,25.58482299781821,0</coordinates>
			</Point>
		</Placemark>
		<Placemark>
			<name>P</name>
			<LookAt>
				<longitude>84.83127619708119</longitude>
				<latitude>25.58444048985602</latitude>
				<altitude>0</altitude>
				<heading>12.32749491823257</heading>
				<tilt>46.32735297191094</tilt>
				<range>152.6045008894596</range>
				<gx:altitudeMode>relativeToSeaFloor</gx:altitudeMode>
			</LookAt>
			<styleUrl>#m_ylw-pushpin</styleUrl>
			<Point>
				<gx:drawOrder>1</gx:drawOrder>
				<coordinates>84.83153423536982,25.58455859890362,0</coordinates>
			</Point>
		</Placemark>
		<Placemark>
			<name>Line</name>
			<styleUrl>#m_ylw-pushpin20</styleUrl>
			<LineString>
				<tessellate>1</tessellate>
				<coordinates>
					84.81518783615431,25.56288811292077,0 84.81523897453101,25.5632767033497,0 84.81534703413473,25.56364831426855,0 84.8155564591616,25.56408141031728,0 84.8156751008255,25.56434661996036,0 
				</coordinates>
			</LineString>
		</Placemark>
		<Placemark>
			<name>P</name>
			<LookAt>
				<longitude>84.81538305163851</longitude>
				<latitude>25.56287931855728</latitude>
				<altitude>0</altitude>
				<heading>6.571097919282938</heading>
				<tilt>45.66970765639567</tilt>
				<range>102.4561518473598</range>
				<gx:altitudeMode>relativeToSeaFloor</gx:altitudeMode>
			</LookAt>
			<styleUrl>#m_ylw-pushpin10</styleUrl>
			<Point>
				<gx:drawOrder>1</gx:drawOrder>
				<coordinates>84.81517769126116,25.56288184170098,0</coordinates>
			</Point>
		</Placemark>
		<Placemark>
			<name>P2</name>
			<LookAt>
				<longitude>84.8153339244119</longitude>
				<latitude>25.56317071457434</latitude>
				<altitude>0</altitude>
				<heading>6.571076721006469</heading>
				<tilt>45.66971185157814</tilt>
				<range>103.1090223989924</range>
				<gx:altitudeMode>relativeToSeaFloor</gx:altitudeMode>
			</LookAt>
			<styleUrl>#m_ylw-pushpin10</styleUrl>
			<Point>
				<gx:drawOrder>1</gx:drawOrder>
				<coordinates>84.81524148828082,25.56327089998144,0</coordinates>
			</Point>
		</Placemark>
		<Placemark>
			<name>P</name>
			<LookAt>
				<longitude>84.81536559968914</longitude>
				<latitude>25.56362939195867</latitude>
				<altitude>0</altitude>
				<heading>6.241678587001471</heading>
				<tilt>16.49215254995661</tilt>
				<range>107.4650915907172</range>
				<gx:altitudeMode>relativeToSeaFloor</gx:altitudeMode>
			</LookAt>
			<styleUrl>#m_ylw-pushpin10</styleUrl>
			<Point>
				<gx:drawOrder>1</gx:drawOrder>
				<coordinates>84.81534839297504,25.56364196394921,0</coordinates>
			</Point>
		</Placemark>
		<Placemark>
			<name>P</name>
			<LookAt>
				<gx:TimeStamp><when>2025-05-15</when>
</gx:TimeStamp>
				<gx:ViewerOptions>
					<gx:option name="historicalimagery"></gx:option>
					<gx:option enabled="0" name="sunlight"></gx:option>
					<gx:option enabled="0" name="streetview"></gx:option>
				</gx:ViewerOptions>
				<longitude>84.81795256936952</longitude>
				<latitude>25.56751937288378</latitude>
				<altitude>0</altitude>
				<heading>6.205659752870503e-12</heading>
				<tilt>0</tilt>
				<range>98.56390513686085</range>
				<gx:altitudeMode>relativeToSeaFloor</gx:altitudeMode>
			</LookAt>
			<styleUrl>#m_ylw-pushpin10</styleUrl>
			<Point>
				<gx:drawOrder>1</gx:drawOrder>
				<coordinates>84.817896324274,25.56752771786374,0</coordinates>
			</Point>
		</Placemark>
		<Placemark>
			<name>P</name>
			<LookAt>
				<longitude>84.81558441135638</longitude>
				<latitude>25.56419500626345</latitude>
				<altitude>0</altitude>
				<heading>-2.610633770532221e-05</heading>
				<tilt>6.780130500342115</tilt>
				<range>187.4256723145515</range>
				<gx:altitudeMode>relativeToSeaFloor</gx:altitudeMode>
			</LookAt>
			<styleUrl>#m_ylw-pushpin10</styleUrl>
			<Point>
				<gx:drawOrder>1</gx:drawOrder>
				<coordinates>84.81555646515469,25.56407888863121,0</coordinates>
			</Point>
		</Placemark>
		<Placemark>
			<name>P</name>
			<LookAt>
				<longitude>84.81558441135638</longitude>
				<latitude>25.56419500626345</latitude>
				<altitude>0</altitude>
				<heading>-2.610633770532221e-05</heading>
				<tilt>6.780130500342115</tilt>
				<range>187.4256723145515</range>
				<gx:altitudeMode>relativeToSeaFloor</gx:altitudeMode>
			</LookAt>
			<styleUrl>#m_ylw-pushpin10</styleUrl>
			<Point>
				<gx:drawOrder>1</gx:drawOrder>
				<coordinates>84.81567368141242,25.56434534137145,0</coordinates>
			</Point>
		</Placemark>
		<Placemark>
			<name>P</name>
			<LookAt>
				<longitude>84.81598988157228</longitude>
				<latitude>25.56527277834712</latitude>
				<altitude>0</altitude>
				<heading>5.235988144359313e-13</heading>
				<tilt>0</tilt>
				<range>101.7053267808219</range>
				<gx:altitudeMode>relativeToSeaFloor</gx:altitudeMode>
			</LookAt>
			<styleUrl>#m_ylw-pushpin10</styleUrl>
			<Point>
				<gx:drawOrder>1</gx:drawOrder>
				<coordinates>84.81598376453988,25.5652462223502,0</coordinates>
			</Point>
		</Placemark>
		<Placemark>
			<name>P</name>
			<LookAt>
				<longitude>84.81604623427135</longitude>
				<latitude>25.56546509501847</latitude>
				<altitude>0</altitude>
				<heading>-8.776211204390603e-07</heading>
				<tilt>0</tilt>
				<range>89.80359190425696</range>
				<gx:altitudeMode>relativeToSeaFloor</gx:altitudeMode>
			</LookAt>
			<styleUrl>#m_ylw-pushpin10</styleUrl>
			<Point>
				<gx:drawOrder>1</gx:drawOrder>
				<coordinates>84.81604960797712,25.56544287829249,0</coordinates>
			</Point>
		</Placemark>
		<Placemark>
			<name>P</name>
			<LookAt>
				<longitude>84.81604623427135</longitude>
				<latitude>25.56546509501847</latitude>
				<altitude>0</altitude>
				<heading>-8.776211204390603e-07</heading>
				<tilt>0</tilt>
				<range>89.80359190425696</range>
				<gx:altitudeMode>relativeToSeaFloor</gx:altitudeMode>
			</LookAt>
			<styleUrl>#m_ylw-pushpin10</styleUrl>
			<Point>
				<gx:drawOrder>1</gx:drawOrder>
				<coordinates>84.8160718297261,25.56558996030869,0</coordinates>
			</Point>
		</Placemark>
		<Placemark>
			<name>P</name>
			<LookAt>
				<longitude>84.81610326049206</longitude>
				<latitude>25.56548204091843</latitude>
				<altitude>0</altitude>
				<heading>2.373168496081843e-05</heading>
				<tilt>0</tilt>
				<range>89.6525597834019</range>
				<gx:altitudeMode>relativeToSeaFloor</gx:altitudeMode>
			</LookAt>
			<styleUrl>#m_ylw-pushpin10</styleUrl>
			<Point>
				<gx:drawOrder>1</gx:drawOrder>
				<coordinates>84.81640809586861,25.56564431436959,0</coordinates>
			</Point>
		</Placemark>
		<Placemark>
			<name>P</name>
			<LookAt>
				<longitude>84.81610326049206</longitude>
				<latitude>25.56548204091843</latitude>
				<altitude>0</altitude>
				<heading>2.373168496081843e-05</heading>
				<tilt>0</tilt>
				<range>89.6525597834019</range>
				<gx:altitudeMode>relativeToSeaFloor</gx:altitudeMode>
			</LookAt>
			<styleUrl>#m_ylw-pushpin10</styleUrl>
			<Point>
				<gx:drawOrder>1</gx:drawOrder>
				<coordinates>84.81640788434279,25.56552531831491,0</coordinates>
			</Point>
		</Placemark>
		<Placemark>
			<name>P</name>
			<LookAt>
				<longitude>84.81640887357477</longitude>
				<latitude>25.56564034060045</latitude>
				<altitude>0</altitude>
				<heading>-7.182885178750169e-12</heading>
				<tilt>0</tilt>
				<range>105.5156489149445</range>
				<gx:altitudeMode>relativeToSeaFloor</gx:altitudeMode>
			</LookAt>
			<styleUrl>#m_ylw-pushpin10</styleUrl>
			<Point>
				<gx:drawOrder>1</gx:drawOrder>
				<coordinates>84.81657056874,25.56557171978535,0</coordinates>
			</Point>
		</Placemark>
		<Placemark>
			<name>P</name>
			<styleUrl>#m_ylw-pushpin20</styleUrl>
			<LineString>
				<tessellate>1</tessellate>
				<coordinates>
					84.81598575665004,25.5652488744075,0 84.81604824578613,25.56544496207228,0 84.81607005757991,25.56559137394923,0 84.81641145927269,25.56564973537311,0 
				</coordinates>
			</LineString>
		</Placemark>
		<Placemark>
			<name>P</name>
			<LookAt>
				<longitude>84.81566910320673</longitude>
				<latitude>25.56548823370514</latitude>
				<altitude>0</altitude>
				<heading>-6.949511978997783e-13</heading>
				<tilt>0</tilt>
				<range>102.4537731739551</range>
				<gx:altitudeMode>relativeToSeaFloor</gx:altitudeMode>
			</LookAt>
			<styleUrl>#m_ylw-pushpin10</styleUrl>
			<Point>
				<gx:drawOrder>1</gx:drawOrder>
				<coordinates>84.81581671073964,25.56551646814219,0</coordinates>
			</Point>
		</Placemark>
		<Placemark>
			<name>P</name>
			<LookAt>
				<longitude>84.81566910320673</longitude>
				<latitude>25.56548823370514</latitude>
				<altitude>0</altitude>
				<heading>-6.949511978997783e-13</heading>
				<tilt>0</tilt>
				<range>102.4537731739551</range>
				<gx:altitudeMode>relativeToSeaFloor</gx:altitudeMode>
			</LookAt>
			<styleUrl>#m_ylw-pushpin10</styleUrl>
			<Point>
				<gx:drawOrder>1</gx:drawOrder>
				<coordinates>84.81553392092509,25.56546155778042,0</coordinates>
			</Point>
		</Placemark>
		<Placemark>
			<name>L</name>
			<styleUrl>#m_ylw-pushpin20</styleUrl>
			<LineString>
				<tessellate>1</tessellate>
				<coordinates>
					84.81607160136829,25.56558886102897,0 84.81581671351347,25.56551716591508,0 84.81553545185299,25.56546294253159,0 
				</coordinates>
			</LineString>
		</Placemark>
		<Placemark>
			<name>L</name>
			<styleUrl>#m_ylw-pushpin20</styleUrl>
			<LineString>
				<tessellate>1</tessellate>
				<coordinates>
					84.81605164463795,25.56544601957248,0 84.81641004538609,25.56552424471053,0 84.81657554425092,25.56557370226302,0 
				</coordinates>
			</LineString>
		</Placemark>
		<Placemark>
			<name>P</name>
			<LookAt>
				<gx:TimeStamp><when>2025-05-15</when>
</gx:TimeStamp>
				<gx:ViewerOptions>
					<gx:option name="historicalimagery"></gx:option>
					<gx:option enabled="0" name="sunlight"></gx:option>
					<gx:option enabled="0" name="streetview"></gx:option>
				</gx:ViewerOptions>
				<longitude>84.81806028655268</longitude>
				<latitude>25.56765519623026</latitude>
				<altitude>0</altitude>
				<heading>3.511729937670905e-12</heading>
				<tilt>0</tilt>
				<range>99.81705507439374</range>
				<gx:altitudeMode>relativeToSeaFloor</gx:altitudeMode>
			</LookAt>
			<styleUrl>#m_ylw-pushpin10</styleUrl>
			<Point>
				<gx:drawOrder>1</gx:drawOrder>
				<coordinates>84.81805503560682,25.56768327832128,0</coordinates>
			</Point>
		</Placemark>
		<Placemark>
			<name>P</name>
			<LookAt>
				<gx:TimeStamp><when>2025-05-15</when>
</gx:TimeStamp>
				<gx:ViewerOptions>
					<gx:option name="historicalimagery"></gx:option>
					<gx:option enabled="0" name="sunlight"></gx:option>
					<gx:option enabled="0" name="streetview"></gx:option>
				</gx:ViewerOptions>
				<longitude>84.81836385809167</longitude>
				<latitude>25.56796738962872</latitude>
				<altitude>0</altitude>
				<heading>16.49406658709157</heading>
				<tilt>45.31522055740425</tilt>
				<range>101.0838710875063</range>
				<gx:altitudeMode>relativeToSeaFloor</gx:altitudeMode>
			</LookAt>
			<styleUrl>#m_ylw-pushpin10</styleUrl>
			<Point>
				<gx:drawOrder>1</gx:drawOrder>
				<coordinates>84.81831969774238,25.56798848004038,0</coordinates>
			</Point>
		</Placemark>
		<Placemark>
			<name>DP</name>
			<LookAt>
				<gx:TimeStamp><when>2025-05-15</when>
</gx:TimeStamp>
				<gx:ViewerOptions>
					<gx:option name="historicalimagery"></gx:option>
					<gx:option enabled="0" name="sunlight"></gx:option>
					<gx:option enabled="0" name="streetview"></gx:option>
				</gx:ViewerOptions>
				<longitude>84.8183203806153</longitude>
				<latitude>25.56799810385201</latitude>
				<altitude>0</altitude>
				<heading>-7.821242623508835e-06</heading>
				<tilt>0</tilt>
				<range>100.458168807526</range>
				<gx:altitudeMode>relativeToSeaFloor</gx:altitudeMode>
			</LookAt>
			<styleUrl>#m_ylw-pushpin10</styleUrl>
			<Point>
				<gx:drawOrder>1</gx:drawOrder>
				<coordinates>84.81830376596989,25.56800389452605,0</coordinates>
			</Point>
		</Placemark>
		<Placemark>
			<name>P</name>
			<LookAt>
				<gx:TimeStamp><when>2025-05-15</when>
</gx:TimeStamp>
				<gx:ViewerOptions>
					<gx:option name="historicalimagery"></gx:option>
					<gx:option enabled="0" name="sunlight"></gx:option>
					<gx:option enabled="0" name="streetview"></gx:option>
				</gx:ViewerOptions>
				<longitude>84.81864069690349</longitude>
				<latitude>25.56830725263886</latitude>
				<altitude>0</altitude>
				<heading>-45.98729270198111</heading>
				<tilt>45.29809310163548</tilt>
				<range>102.2029998029057</range>
				<gx:altitudeMode>relativeToSeaFloor</gx:altitudeMode>
			</LookAt>
			<styleUrl>#m_ylw-pushpin10</styleUrl>
			<Point>
				<gx:drawOrder>1</gx:drawOrder>
				<coordinates>84.81859548203875,25.56837011355902,0</coordinates>
			</Point>
		</Placemark>
		<Placemark>
			<name>P</name>
			<LookAt>
				<gx:TimeStamp><when>2025-05-15</when>
</gx:TimeStamp>
				<gx:ViewerOptions>
					<gx:option name="historicalimagery"></gx:option>
					<gx:option enabled="0" name="sunlight"></gx:option>
					<gx:option enabled="0" name="streetview"></gx:option>
				</gx:ViewerOptions>
				<longitude>84.81904769245187</longitude>
				<latitude>25.56858312368041</latitude>
				<altitude>0</altitude>
				<heading>-45.07635356659516</heading>
				<tilt>48.71319413022045</tilt>
				<range>94.95496578924045</range>
				<gx:altitudeMode>relativeToSeaFloor</gx:altitudeMode>
			</LookAt>
			<styleUrl>#m_ylw-pushpin10</styleUrl>
			<Point>
				<gx:drawOrder>1</gx:drawOrder>
				<coordinates>84.81891073809071,25.56870423592348,0</coordinates>
			</Point>
		</Placemark>
		<Placemark>
			<name>P</name>
			<LookAt>
				<gx:TimeStamp><when>2025-05-15</when>
</gx:TimeStamp>
				<gx:ViewerOptions>
					<gx:option name="historicalimagery"></gx:option>
					<gx:option enabled="0" name="sunlight"></gx:option>
					<gx:option enabled="0" name="streetview"></gx:option>
				</gx:ViewerOptions>
				<longitude>84.81923934727868</longitude>
				<latitude>25.56898347826964</latitude>
				<altitude>0</altitude>
				<heading>-60.70797858212608</heading>
				<tilt>45.02200651854304</tilt>
				<range>104.222614249684</range>
				<gx:altitudeMode>relativeToSeaFloor</gx:altitudeMode>
			</LookAt>
			<styleUrl>#m_ylw-pushpin10</styleUrl>
			<Point>
				<gx:drawOrder>1</gx:drawOrder>
				<coordinates>84.81923480217189,25.5689776706106,0</coordinates>
			</Point>
		</Placemark>
		<Placemark>
			<name>P</name>
			<LookAt>
				<gx:TimeStamp><when>2025-05-15</when>
</gx:TimeStamp>
				<gx:ViewerOptions>
					<gx:option name="historicalimagery"></gx:option>
					<gx:option enabled="0" name="sunlight"></gx:option>
					<gx:option enabled="0" name="streetview"></gx:option>
				</gx:ViewerOptions>
				<longitude>84.81945212815616</longitude>
				<latitude>25.56920526512672</latitude>
				<altitude>0</altitude>
				<heading>-0.002336665699535026</heading>
				<tilt>19.45766325823407</tilt>
				<range>111.2915358983207</range>
				<gx:altitudeMode>relativeToSeaFloor</gx:altitudeMode>
			</LookAt>
			<styleUrl>#m_ylw-pushpin10</styleUrl>
			<Point>
				<gx:drawOrder>1</gx:drawOrder>
				<coordinates>84.81964216476551,25.56925080970344,0</coordinates>
			</Point>
		</Placemark>
		<Placemark>
			<name>P</name>
			<LookAt>
				<gx:TimeStamp><when>2025-05-15</when>
</gx:TimeStamp>
				<gx:ViewerOptions>
					<gx:option name="historicalimagery"></gx:option>
					<gx:option enabled="0" name="sunlight"></gx:option>
					<gx:option enabled="0" name="streetview"></gx:option>
				</gx:ViewerOptions>
				<longitude>84.8196042679417</longitude>
				<latitude>25.56940480179288</latitude>
				<altitude>0</altitude>
				<heading>-5.511623913082685e-05</heading>
				<tilt>0</tilt>
				<range>100.6630300370171</range>
				<gx:altitudeMode>relativeToSeaFloor</gx:altitudeMode>
			</LookAt>
			<styleUrl>#m_ylw-pushpin10</styleUrl>
			<Point>
				<gx:drawOrder>1</gx:drawOrder>
				<coordinates>84.8196057776558,25.5694459984411,0</coordinates>
			</Point>
		</Placemark>
		<Placemark>
			<name>P</name>
			<LookAt>
				<gx:TimeStamp><when>2025-05-15</when>
</gx:TimeStamp>
				<gx:ViewerOptions>
					<gx:option name="historicalimagery"></gx:option>
					<gx:option enabled="0" name="sunlight"></gx:option>
					<gx:option enabled="0" name="streetview"></gx:option>
				</gx:ViewerOptions>
				<longitude>84.81985208798793</longitude>
				<latitude>25.56948063651972</latitude>
				<altitude>0</altitude>
				<heading>7.626514324833826e-06</heading>
				<tilt>0</tilt>
				<range>94.27355129307307</range>
				<gx:altitudeMode>relativeToSeaFloor</gx:altitudeMode>
			</LookAt>
			<styleUrl>#m_ylw-pushpin10</styleUrl>
			<Point>
				<gx:drawOrder>1</gx:drawOrder>
				<coordinates>84.81983651984488,25.56951797930048,0</coordinates>
			</Point>
		</Placemark>
		<Placemark>
			<name>P</name>
			<LookAt>
				<gx:TimeStamp><when>2025-05-15</when>
</gx:TimeStamp>
				<gx:ViewerOptions>
					<gx:option name="historicalimagery"></gx:option>
					<gx:option enabled="0" name="sunlight"></gx:option>
					<gx:option enabled="0" name="streetview"></gx:option>
				</gx:ViewerOptions>
				<longitude>84.81981091257261</longitude>
				<latitude>25.56955876439969</latitude>
				<altitude>0</altitude>
				<heading>-1.014502409588889e-05</heading>
				<tilt>0</tilt>
				<range>93.97873704069168</range>
				<gx:altitudeMode>relativeToSeaFloor</gx:altitudeMode>
			</LookAt>
			<styleUrl>#m_ylw-pushpin10</styleUrl>
			<Point>
				<gx:drawOrder>1</gx:drawOrder>
				<coordinates>84.81977281541033,25.56971182015321,0</coordinates>
			</Point>
		</Placemark>
		<Placemark>
			<name>P</name>
			<LookAt>
				<gx:TimeStamp><when>2025-05-15</when>
</gx:TimeStamp>
				<gx:ViewerOptions>
					<gx:option name="historicalimagery"></gx:option>
					<gx:option enabled="0" name="sunlight"></gx:option>
					<gx:option enabled="0" name="streetview"></gx:option>
				</gx:ViewerOptions>
				<longitude>84.81989580362358</longitude>
				<latitude>25.56970612385796</latitude>
				<altitude>0</altitude>
				<heading>2.649446646522294e-05</heading>
				<tilt>0</tilt>
				<range>94.6910887356879</range>
				<gx:altitudeMode>relativeToSeaFloor</gx:altitudeMode>
			</LookAt>
			<styleUrl>#m_ylw-pushpin10</styleUrl>
			<Point>
				<gx:drawOrder>1</gx:drawOrder>
				<coordinates>84.8199651888831,25.56973483758175,0</coordinates>
			</Point>
		</Placemark>
		<Placemark>
			<name>P</name>
			<LookAt>
				<gx:TimeStamp><when>2025-05-15</when>
</gx:TimeStamp>
				<gx:ViewerOptions>
					<gx:option name="historicalimagery"></gx:option>
					<gx:option enabled="0" name="sunlight"></gx:option>
					<gx:option enabled="0" name="streetview"></gx:option>
				</gx:ViewerOptions>
				<longitude>84.81998590206898</longitude>
				<latitude>25.57002222649811</latitude>
				<altitude>0</altitude>
				<heading>-36.55629100930548</heading>
				<tilt>45.00060661997303</tilt>
				<range>102.3575298385234</range>
				<gx:altitudeMode>relativeToSeaFloor</gx:altitudeMode>
			</LookAt>
			<styleUrl>#m_ylw-pushpin10</styleUrl>
			<Point>
				<gx:drawOrder>1</gx:drawOrder>
				<coordinates>84.81994177345287,25.57002831743734,0</coordinates>
			</Point>
		</Placemark>
		<Placemark>
			<name>P</name>
			<LookAt>
				<gx:TimeStamp><when>2025-05-15</when>
</gx:TimeStamp>
				<gx:ViewerOptions>
					<gx:option name="historicalimagery"></gx:option>
					<gx:option enabled="0" name="sunlight"></gx:option>
					<gx:option enabled="0" name="streetview"></gx:option>
				</gx:ViewerOptions>
				<longitude>84.82005972458012</longitude>
				<latitude>25.56998037812437</latitude>
				<altitude>0</altitude>
				<heading>-36.55625914652676</heading>
				<tilt>45.00060740850724</tilt>
				<range>102.481670445529</range>
				<gx:altitudeMode>relativeToSeaFloor</gx:altitudeMode>
			</LookAt>
			<styleUrl>#m_ylw-pushpin10</styleUrl>
			<Point>
				<gx:drawOrder>1</gx:drawOrder>
				<coordinates>84.82010222197974,25.56995462447597,0</coordinates>
			</Point>
		</Placemark>
		<Placemark>
			<name>L</name>
			<styleUrl>#m_ylw-pushpin20</styleUrl>
			<LineString>
				<tessellate>1</tessellate>
				<coordinates>
					84.81962346318146,25.57064087266391,0 84.82014923820917,25.57051569664677,0 84.82032531520566,25.57047839887963,0 84.82017708787598,25.570158858687,0 84.8201086977444,25.56996420458348,0 84.8199709243041,25.5697392177656,0 84.81983984472839,25.56952098925507,0 84.81967628446452,25.56923616996758,0 84.82008483414644,25.56910057419377,0 
				</coordinates>
			</LineString>
		</Placemark>
		<Placemark>
			<name>L</name>
			<styleUrl>#m_ylw-pushpin21</styleUrl>
			<LineString>
				<tessellate>1</tessellate>
				<coordinates>
					84.81789435934782,25.56752909277563,0 84.81804997574962,25.56768736742943,0 84.81832024157498,25.5679899236097,0 84.81830358593214,25.56800574137591,0 84.81859497424776,25.5683831782071,0 84.81889991510214,25.56869454209526,0 84.81923755613803,25.56898045910193,0 84.81961079401445,25.56945423350837,0 84.81979206162529,25.56973035245233,0 84.81994444106073,25.57002830967998,0 84.82007435376988,25.57024199692905,0 84.82017673163405,25.57064958115688,0 84.82033373230716,25.57100558225246,0 84.8205458869472,25.57142797280818,0 84.82072386720793,25.57173433149245,0 84.82082504219862,25.57180587438353,0 84.82090952578662,25.57187705545068,0 84.82109422021443,25.57216798850062,0 84.82146928122401,25.57253136899441,0 84.82170514787416,25.57275656101694,0 84.82190429145268,25.57280727780674,0 84.82212045520701,25.5729146230277,0 84.822388129529,25.57309652503591,0 84.82260206570155,25.57322833502029,0 84.82284278777382,25.57340441583428,0 84.82330588519606,25.57367648370388,0 84.82360926973642,25.57392745400473,0 84.82412515740722,25.57434477248162,0 84.82465715373787,25.57474834673734,0 84.82533714864589,25.5752457692135,0 84.82583989740597,25.57587104473576,0 84.82637693272183,25.57639677578258,0 84.8265463088146,25.57675280568575,0 84.82659315408603,25.57684200103956,0 84.82664877904958,25.57702896278472,0 84.82690103429407,25.57745313694932,0 84.82700252450405,25.57789634887633,0 84.82720059834996,25.57854956996247,0 84.82749457701523,25.5790895935302,0 84.82775187687928,25.57951154808001,0 84.82792415140661,25.57972980309978,0 84.82819678229889,25.58004911192635,0 84.82832685155957,25.58030880220973,0 84.82853947429906,25.58057380390468,0 84.82868094143329,25.5808613956908,0 84.82891233768585,25.58114711178781,0 84.82913485782895,25.58142023322789,0 84.82934313502031,25.58171770246462,0 84.8294920713314,25.58198310283818,0 84.82963309789608,25.58224987532673,0 84.8298649403183,25.58252070395089,0 84.83000913903923,25.58274282761983,0 84.83016534062619,25.58305102118908,0 84.83034688964847,25.58329180317939,0 84.83058901206226,25.58361185850923,0 
				</coordinates>
			</LineString>
		</Placemark>
		<Placemark>
			<name>P</name>
			<LookAt>
				<gx:TimeStamp><when>2025-05-15</when>
</gx:TimeStamp>
				<gx:ViewerOptions>
					<gx:option name="historicalimagery"></gx:option>
					<gx:option enabled="0" name="sunlight"></gx:option>
					<gx:option enabled="0" name="streetview"></gx:option>
				</gx:ViewerOptions>
				<longitude>84.8203939507642</longitude>
				<latitude>25.5706049799578</latitude>
				<altitude>0</altitude>
				<heading>130.9030578122008</heading>
				<tilt>45.00061226545258</tilt>
				<range>103.5113406095715</range>
				<gx:altitudeMode>relativeToSeaFloor</gx:altitudeMode>
			</LookAt>
			<styleUrl>#m_ylw-pushpin10</styleUrl>
			<Point>
				<gx:drawOrder>1</gx:drawOrder>
				<coordinates>84.82037643868013,25.57062504423985,0</coordinates>
			</Point>
		</Placemark>
		<Placemark>
			<name>L</name>
			<styleUrl>#m_ylw-pushpin20</styleUrl>
			<LineString>
				<tessellate>1</tessellate>
				<coordinates>
					84.82072975783986,25.57174317017813,0 84.82068286575289,25.57188002094084,0 84.82046219966452,25.5719454870469,0 84.82044082107031,25.5719535443763,0 
				</coordinates>
			</LineString>
		</Placemark>
		<Placemark>
			<name>L</name>
			<styleUrl>#m_ylw-pushpin20</styleUrl>
			<LineString>
				<tessellate>1</tessellate>
				<coordinates>
					84.82091425506751,25.57187990021697,0 84.82104322118616,25.5718624037913,0 84.82125949509621,25.57174947731606,0 84.82158242163597,25.57162417602066,0 84.82163445573494,25.57160386974464,0 
				</coordinates>
			</LineString>
		</Placemark>
		<Placemark>
			<name>P</name>
			<LookAt>
				<gx:TimeStamp><when>2025-05-15</when>
</gx:TimeStamp>
				<gx:ViewerOptions>
					<gx:option name="historicalimagery"></gx:option>
					<gx:option enabled="0" name="sunlight"></gx:option>
					<gx:option enabled="0" name="streetview"></gx:option>
				</gx:ViewerOptions>
				<longitude>84.82136352587322</longitude>
				<latitude>25.57227529869279</latitude>
				<altitude>0</altitude>
				<heading>-46.61124345656564</heading>
				<tilt>48.51196724515093</tilt>
				<range>97.15884272416108</range>
				<gx:altitudeMode>relativeToSeaFloor</gx:altitudeMode>
			</LookAt>
			<styleUrl>#m_ylw-pushpin10</styleUrl>
			<Point>
				<gx:drawOrder>1</gx:drawOrder>
				<coordinates>84.82130376971396,25.57231188900334,0</coordinates>
			</Point>
		</Placemark>
		<Placemark>
			<name>P</name>
			<LookAt>
				<gx:TimeStamp><when>2025-05-15</when>
</gx:TimeStamp>
				<gx:ViewerOptions>
					<gx:option name="historicalimagery"></gx:option>
					<gx:option enabled="0" name="sunlight"></gx:option>
					<gx:option enabled="0" name="streetview"></gx:option>
				</gx:ViewerOptions>
				<longitude>84.82155554964822</longitude>
				<latitude>25.57251994610032</latitude>
				<altitude>0</altitude>
				<heading>-32.99463795074369</heading>
				<tilt>45.17957836208912</tilt>
				<range>208.7141384106357</range>
				<gx:altitudeMode>relativeToSeaFloor</gx:altitudeMode>
			</LookAt>
			<styleUrl>#m_ylw-pushpin10</styleUrl>
			<Point>
				<gx:drawOrder>1</gx:drawOrder>
				<coordinates>84.82147416710561,25.57252725627475,0</coordinates>
			</Point>
		</Placemark>
		<Placemark>
			<name>P</name>
			<LookAt>
				<gx:TimeStamp><when>2025-05-15</when>
</gx:TimeStamp>
				<gx:ViewerOptions>
					<gx:option name="historicalimagery"></gx:option>
					<gx:option enabled="0" name="sunlight"></gx:option>
					<gx:option enabled="0" name="streetview"></gx:option>
				</gx:ViewerOptions>
				<longitude>84.82162707123149</longitude>
				<latitude>25.57255799133654</latitude>
				<altitude>0</altitude>
				<heading>-1.242404172446686e-11</heading>
				<tilt>0</tilt>
				<range>101.7833424469689</range>
				<gx:altitudeMode>relativeToSeaFloor</gx:altitudeMode>
			</LookAt>
			<styleUrl>#m_ylw-pushpin10</styleUrl>
			<Point>
				<gx:drawOrder>1</gx:drawOrder>
				<coordinates>84.82161559099335,25.57256938254322,0</coordinates>
			</Point>
		</Placemark>
		<Placemark>
			<name>L</name>
			<styleUrl>#m_ylw-pushpin20</styleUrl>
			<LineString>
				<tessellate>1</tessellate>
				<coordinates>
					84.82104281912167,25.5718635936539,0 84.8211057540467,25.57205726525076,0 84.82130303162593,25.57230938586327,0 84.8216181665873,25.57257278665116,0 
				</coordinates>
			</LineString>
		</Placemark>
		<Placemark>
			<name>L</name>
			<styleUrl>#m_ylw-pushpin20</styleUrl>
			<LineString>
				<tessellate>1</tessellate>
				<coordinates>
					84.82032487596886,25.57048430940506,0 84.82037638201378,25.57062553247306,0 
				</coordinates>
			</LineString>
		</Placemark>
		<Placemark>
			<name>L</name>
			<LookAt>
				<longitude>84.82373602853313</longitude>
				<latitude>25.5742972536306</latitude>
				<altitude>0</altitude>
				<heading>-7.959294727442263</heading>
				<tilt>28.82543426379336</tilt>
				<range>228.8371428296955</range>
				<gx:altitudeMode>relativeToSeaFloor</gx:altitudeMode>
			</LookAt>
			<styleUrl>#m_ylw-pushpin1</styleUrl>
			<Point>
				<gx:drawOrder>1</gx:drawOrder>
				<coordinates>84.82360161640095,25.57436630937563,0</coordinates>
			</Point>
		</Placemark>
		<Placemark>
			<name>L</name>
			<styleUrl>#m_ylw-pushpin2</styleUrl>
			<LineString>
				<tessellate>1</tessellate>
				<coordinates>
					84.82357597917577,25.57437992107659,0 84.82359812651308,25.57436592491123,0 84.82400442988754,25.57400390620664,0 84.82405785281964,25.57394844991839,0 84.82450787351451,25.57387850154184,0 84.82489066080866,25.57383975427456,0 
				</coordinates>
			</LineString>
		</Placemark>
		<Placemark>
			<name>DP</name>
			<LookAt>
				<longitude>84.82427720372802</longitude>
				<latitude>25.57426609581239</latitude>
				<altitude>0</altitude>
				<heading>-14.6626748534127</heading>
				<tilt>45.2532997625358</tilt>
				<range>105.1268554083843</range>
				<gx:altitudeMode>relativeToSeaFloor</gx:altitudeMode>
			</LookAt>
			<styleUrl>#m_ylw-pushpin1</styleUrl>
			<Point>
				<gx:drawOrder>1</gx:drawOrder>
				<coordinates>84.82423689864032,25.57416407846209,0</coordinates>
			</Point>
		</Placemark>
		<Placemark>
			<name>P</name>
			<LookAt>
				<longitude>84.82427720372802</longitude>
				<latitude>25.57426609581239</latitude>
				<altitude>0</altitude>
				<heading>-14.6626748534127</heading>
				<tilt>45.2532997625358</tilt>
				<range>105.1268554083843</range>
				<gx:altitudeMode>relativeToSeaFloor</gx:altitudeMode>
			</LookAt>
			<styleUrl>#m_ylw-pushpin1</styleUrl>
			<Point>
				<gx:drawOrder>1</gx:drawOrder>
				<coordinates>84.82430859757936,25.57410602204389,0</coordinates>
			</Point>
		</Placemark>
		<Placemark>
			<name>L</name>
			<styleUrl>#m_ylw-pushpin2</styleUrl>
			<LineString>
				<tessellate>1</tessellate>
				<coordinates>
					84.82398867718697,25.57401458632214,0 84.82423712102138,25.57416785030505,0 84.82430709992845,25.574107012484,0 84.82444074966448,25.57418197780405,0 84.82464923663007,25.57429852098385,0 84.82478637828268,25.5743812222446,0 84.82478480662481,25.5744979476166,0 84.82483643831614,25.57479907680564,0 84.82491466009149,25.57517585414637,0 84.82496574144858,25.57539926999854,0 
				</coordinates>
			</LineString>
		</Placemark>
		<Placemark>
			<name>P</name>
			<LookAt>
				<longitude>84.82444701004961</longitude>
				<latitude>25.57425317150031</latitude>
				<altitude>0</altitude>
				<heading>-6.126543455169096e-12</heading>
				<tilt>0</tilt>
				<range>101.5450483233813</range>
				<gx:altitudeMode>relativeToSeaFloor</gx:altitudeMode>
			</LookAt>
			<styleUrl>#m_ylw-pushpin1</styleUrl>
			<Point>
				<gx:drawOrder>1</gx:drawOrder>
				<coordinates>84.82443710389023,25.57418203011556,0</coordinates>
			</Point>
		</Placemark>
		<Placemark>
			<name>P</name>
			<LookAt>
				<longitude>84.82456773902732</longitude>
				<latitude>25.57408338490737</latitude>
				<altitude>0</altitude>
				<heading>5.21155422443252e-05</heading>
				<tilt>0</tilt>
				<range>156.4653910347919</range>
				<gx:altitudeMode>relativeToSeaFloor</gx:altitudeMode>
			</LookAt>
			<styleUrl>#m_ylw-pushpin1</styleUrl>
			<Point>
				<gx:drawOrder>1</gx:drawOrder>
				<coordinates>84.82450436020585,25.57387429328584,0</coordinates>
			</Point>
		</Placemark>
		<Placemark>
			<name>P</name>
			<LookAt>
				<longitude>84.82457607541022</longitude>
				<latitude>25.57431634322962</latitude>
				<altitude>0</altitude>
				<heading>138.1230371921178</heading>
				<tilt>47.2124694077341</tilt>
				<range>99.99826223708276</range>
				<gx:altitudeMode>relativeToSeaFloor</gx:altitudeMode>
			</LookAt>
			<styleUrl>#m_ylw-pushpin1</styleUrl>
			<Point>
				<gx:drawOrder>1</gx:drawOrder>
				<coordinates>84.82464675638749,25.57429216698944,0</coordinates>
			</Point>
		</Placemark>
		<Placemark>
			<name>P</name>
			<LookAt>
				<longitude>84.82481509549497</longitude>
				<latitude>25.57437654045441</latitude>
				<altitude>0</altitude>
				<heading>2.1070836111956e-05</heading>
				<tilt>0</tilt>
				<range>103.0472300451566</range>
				<gx:altitudeMode>relativeToSeaFloor</gx:altitudeMode>
			</LookAt>
			<styleUrl>#m_ylw-pushpin1</styleUrl>
			<Point>
				<gx:drawOrder>1</gx:drawOrder>
				<coordinates>84.82478254127386,25.57438318253795,0</coordinates>
			</Point>
		</Placemark>
		<Placemark>
			<name>P</name>
			<LookAt>
				<longitude>84.82490285658484</longitude>
				<latitude>25.57454549921873</latitude>
				<altitude>0</altitude>
				<heading>5.348404440874375e-06</heading>
				<tilt>0</tilt>
				<range>208.5538411222469</range>
				<gx:altitudeMode>relativeToSeaFloor</gx:altitudeMode>
			</LookAt>
			<styleUrl>#m_ylw-pushpin1</styleUrl>
			<Point>
				<gx:drawOrder>1</gx:drawOrder>
				<coordinates>84.82478182307734,25.57449374725349,0</coordinates>
			</Point>
		</Placemark>
		<Placemark>
			<name>P</name>
			<LookAt>
				<longitude>84.82490285658484</longitude>
				<latitude>25.57454549921873</latitude>
				<altitude>0</altitude>
				<heading>5.348404440874375e-06</heading>
				<tilt>0</tilt>
				<range>208.5538411222469</range>
				<gx:altitudeMode>relativeToSeaFloor</gx:altitudeMode>
			</LookAt>
			<styleUrl>#m_ylw-pushpin1</styleUrl>
			<Point>
				<gx:drawOrder>1</gx:drawOrder>
				<coordinates>84.8248355816974,25.57479034980049,0</coordinates>
			</Point>
		</Placemark>
		<Placemark>
			<name>P</name>
			<LookAt>
				<longitude>84.82498999138164</longitude>
				<latitude>25.57508725858094</latitude>
				<altitude>0</altitude>
				<heading>4.296165736598383e-05</heading>
				<tilt>0</tilt>
				<range>207.9036083338023</range>
				<gx:altitudeMode>relativeToSeaFloor</gx:altitudeMode>
			</LookAt>
			<styleUrl>#m_ylw-pushpin1</styleUrl>
			<Point>
				<gx:drawOrder>1</gx:drawOrder>
				<coordinates>84.82491646670961,25.5751698068608,0</coordinates>
			</Point>
		</Placemark>
		<Placemark>
			<name>P</name>
			<LookAt>
				<longitude>84.82480682774782</longitude>
				<latitude>25.57476247199035</latitude>
				<altitude>0</altitude>
				<heading>-3.610884256764409e-05</heading>
				<tilt>0</tilt>
				<range>208.3177194911165</range>
				<gx:altitudeMode>relativeToSeaFloor</gx:altitudeMode>
			</LookAt>
			<styleUrl>#m_ylw-pushpin1</styleUrl>
			<Point>
				<gx:drawOrder>1</gx:drawOrder>
				<coordinates>84.82466102577347,25.57474620905667,0</coordinates>
			</Point>
		</Placemark>
		<Placemark>
			<name>P</name>
			<LookAt>
				<longitude>84.8267667313801</longitude>
				<latitude>25.57680544967069</latitude>
				<altitude>0</altitude>
				<heading>-9.446803243968652e-05</heading>
				<tilt>0</tilt>
				<range>293.5282632118605</range>
				<gx:altitudeMode>relativeToSeaFloor</gx:altitudeMode>
			</LookAt>
			<styleUrl>#m_ylw-pushpin1</styleUrl>
			<Point>
				<gx:drawOrder>1</gx:drawOrder>
				<coordinates>84.82654858316022,25.57674085250586,0</coordinates>
			</Point>
		</Placemark>
		<Placemark>
			<name>P</name>
			<LookAt>
				<longitude>84.82670028386489</longitude>
				<latitude>25.57686668862421</latitude>
				<altitude>0</altitude>
				<heading>2.403306631180869e-12</heading>
				<tilt>0</tilt>
				<range>95.27533588645998</range>
				<gx:altitudeMode>relativeToSeaFloor</gx:altitudeMode>
			</LookAt>
			<styleUrl>#m_ylw-pushpin1</styleUrl>
			<Point>
				<gx:drawOrder>1</gx:drawOrder>
				<coordinates>84.82658875961326,25.5768308997893,0</coordinates>
			</Point>
		</Placemark>
		<Placemark>
			<name>P</name>
			<LookAt>
				<longitude>84.82685859776628</longitude>
				<latitude>25.57671999349272</latitude>
				<altitude>0</altitude>
				<heading>6.834755192881569e-05</heading>
				<tilt>0</tilt>
				<range>95.3486153819206</range>
				<gx:altitudeMode>relativeToSeaFloor</gx:altitudeMode>
			</LookAt>
			<styleUrl>#m_ylw-pushpin1</styleUrl>
			<Point>
				<gx:drawOrder>1</gx:drawOrder>
				<coordinates>84.82692099451683,25.57673002074923,0</coordinates>
			</Point>
		</Placemark>
		<Placemark>
			<name>P</name>
			<LookAt>
				<longitude>84.82685859776628</longitude>
				<latitude>25.57671999349272</latitude>
				<altitude>0</altitude>
				<heading>6.834755192881569e-05</heading>
				<tilt>0</tilt>
				<range>95.3486153819206</range>
				<gx:altitudeMode>relativeToSeaFloor</gx:altitudeMode>
			</LookAt>
			<styleUrl>#m_ylw-pushpin1</styleUrl>
			<Point>
				<gx:drawOrder>1</gx:drawOrder>
				<coordinates>84.82725163636998,25.5766784569167,0</coordinates>
			</Point>
		</Placemark>
		<Placemark>
			<name>P</name>
			<styleUrl>#m_ylw-pushpin2</styleUrl>
			<LineString>
				<tessellate>1</tessellate>
				<coordinates>
					84.82654896341252,25.57674412598111,0 84.82692171232286,25.57673066776859,0 84.82725236810266,25.57667976448455,0 84.8273114829106,25.57667048629602,0 
				</coordinates>
			</LineString>
		</Placemark>
		<Placemark>
			<name>P</name>
			<LookAt>
				<longitude>84.82685859776628</longitude>
				<latitude>25.57671999349272</latitude>
				<altitude>0</altitude>
				<heading>6.834755192881569e-05</heading>
				<tilt>0</tilt>
				<range>95.3486153819206</range>
				<gx:altitudeMode>relativeToSeaFloor</gx:altitudeMode>
			</LookAt>
			<styleUrl>#m_ylw-pushpin1</styleUrl>
			<Point>
				<gx:drawOrder>1</gx:drawOrder>
				<coordinates>84.82702825853917,25.57668919166138,0</coordinates>
			</Point>
		</Placemark>
		<Placemark>
			<name>P</name>
			<LookAt>
				<longitude>84.82691020519162</longitude>
				<latitude>25.57688090990804</latitude>
				<altitude>0</altitude>
				<heading>9.062786050158675e-05</heading>
				<tilt>0</tilt>
				<range>95.45973502622724</range>
				<gx:altitudeMode>relativeToSeaFloor</gx:altitudeMode>
			</LookAt>
			<styleUrl>#m_ylw-pushpin1</styleUrl>
			<Point>
				<gx:drawOrder>1</gx:drawOrder>
				<coordinates>84.82686282926281,25.57694468654098,0</coordinates>
			</Point>
		</Placemark>
		<Placemark>
			<name>P</name>
			<LookAt>
				<longitude>84.82745557450464</longitude>
				<latitude>25.57838935234912</latitude>
				<altitude>0</altitude>
				<heading>3.147755211310924e-11</heading>
				<tilt>0</tilt>
				<range>98.1051072668926</range>
				<gx:altitudeMode>relativeToSeaFloor</gx:altitudeMode>
			</LookAt>
			<styleUrl>#m_ylw-pushpin1</styleUrl>
			<Point>
				<gx:drawOrder>1</gx:drawOrder>
				<coordinates>84.82754417771318,25.57835505348709,0</coordinates>
			</Point>
		</Placemark>
		<Placemark>
			<name>P</name>
			<LookAt>
				<longitude>84.82768937429869</longitude>
				<latitude>25.57857375764766</latitude>
				<altitude>0</altitude>
				<heading>7.433540110814236e-05</heading>
				<tilt>0</tilt>
				<range>216.8377876574889</range>
				<gx:altitudeMode>relativeToSeaFloor</gx:altitudeMode>
			</LookAt>
			<styleUrl>#m_ylw-pushpin1</styleUrl>
			<Point>
				<gx:drawOrder>1</gx:drawOrder>
				<coordinates>84.82720654798058,25.57853771041337,0</coordinates>
			</Point>
		</Placemark>
		<Placemark>
			<name>P</name>
			<LookAt>
				<longitude>84.82771707431044</longitude>
				<latitude>25.57859433380261</latitude>
				<altitude>0</altitude>
				<heading>8.629481489324584e-05</heading>
				<tilt>0</tilt>
				<range>216.803633835645</range>
				<gx:altitudeMode>relativeToSeaFloor</gx:altitudeMode>
			</LookAt>
			<styleUrl>#m_ylw-pushpin1</styleUrl>
			<Point>
				<gx:drawOrder>1</gx:drawOrder>
				<coordinates>84.8276861099699,25.57865974815373,0</coordinates>
			</Point>
		</Placemark>
		<Placemark>
			<name>P</name>
			<LookAt>
				<longitude>84.82820167480054</longitude>
				<latitude>25.57970875502802</latitude>
				<altitude>0</altitude>
				<heading>1.04550586575625e-05</heading>
				<tilt>0</tilt>
				<range>135.1265702153601</range>
				<gx:altitudeMode>relativeToSeaFloor</gx:altitudeMode>
			</LookAt>
			<styleUrl>#m_ylw-pushpin</styleUrl>
			<Point>
				<gx:drawOrder>1</gx:drawOrder>
				<coordinates>84.82814073919953,25.57978524530086,0</coordinates>
			</Point>
		</Placemark>
		<Placemark>
			<name>P</name>
			<LookAt>
				<longitude>84.82812631992677</longitude>
				<latitude>25.5796571769127</latitude>
				<altitude>0</altitude>
				<heading>-9.583175782259996</heading>
				<tilt>46.82684657083497</tilt>
				<range>193.7945471501543</range>
				<gx:altitudeMode>relativeToSeaFloor</gx:altitudeMode>
			</LookAt>
			<styleUrl>#m_ylw-pushpin</styleUrl>
			<Point>
				<gx:drawOrder>1</gx:drawOrder>
				<coordinates>84.82773595625721,25.57974782401391,0</coordinates>
			</Point>
		</Placemark>
		<Placemark>
			<name>L</name>
			<styleUrl>#m_ylw-pushpin21</styleUrl>
			<LineString>
				<tessellate>1</tessellate>
				<coordinates>
					84.82751404272491,25.57970608376301,0 84.82773305353859,25.57975632066012,0 84.828144382364,25.57979707483845,0 84.82853439381519,25.57996129255733,0 84.82894066329888,25.58010890106191,0 84.82924680835707,25.58028350177319,0 
				</coordinates>
			</LineString>
		</Placemark>
		<Placemark>
			<name>L</name>
			<styleUrl>#m_ylw-pushpin21</styleUrl>
			<LineString>
				<tessellate>1</tessellate>
				<coordinates>
					84.82754336395679,25.57835625776842,0 84.82768852867351,25.57866330900383,0 84.82779184728574,25.57888156342035,0 84.82795454040865,25.57912608744917,0 84.82804724332672,25.5793655230105,0 84.82815241889072,25.57957950501162,0 84.82814097082529,25.57978902041297,0 84.82824830098076,25.57998818810699,0 84.8283245264476,25.58005157162625,0 84.82836234470818,25.5801102460737,0 84.82843572385255,25.58000791753412,0 84.82840428895804,25.57979513649617,0 84.82839029993085,25.57947069394772,0 84.82833755231957,25.57908776888824,0 84.82833054682288,25.57877165312694,0 
				</coordinates>
			</LineString>
		</Placemark>
		<Placemark>
			<name>DP</name>
			<LookAt>
				<longitude>84.8283796761969</longitude>
				<latitude>25.57975052827368</latitude>
				<altitude>0</altitude>
				<heading>0.0005592705769282269</heading>
				<tilt>24.61201816255612</tilt>
				<range>252.7464906362532</range>
				<gx:altitudeMode>relativeToSeaFloor</gx:altitudeMode>
			</LookAt>
			<styleUrl>#m_ylw-pushpin</styleUrl>
			<Point>
				<gx:drawOrder>1</gx:drawOrder>
				<coordinates>84.82824895666633,25.57998653375315,0</coordinates>
			</Point>
		</Placemark>
		<Placemark>
			<name>P</name>
			<LookAt>
				<longitude>84.8283796761969</longitude>
				<latitude>25.57975052827368</latitude>
				<altitude>0</altitude>
				<heading>0.0005592705769282269</heading>
				<tilt>24.61201816255612</tilt>
				<range>252.7464906362532</range>
				<gx:altitudeMode>relativeToSeaFloor</gx:altitudeMode>
			</LookAt>
			<styleUrl>#m_ylw-pushpin</styleUrl>
			<Point>
				<gx:drawOrder>1</gx:drawOrder>
				<coordinates>84.82843336261472,25.5800073672427,0</coordinates>
			</Point>
		</Placemark>
		<Placemark>
			<name>P</name>
			<LookAt>
				<longitude>84.82830788833981</longitude>
				<latitude>25.57998915495762</latitude>
				<altitude>0</altitude>
				<heading>8.752886483387597e-12</heading>
				<tilt>0</tilt>
				<range>100.6186336711778</range>
				<gx:altitudeMode>relativeToSeaFloor</gx:altitudeMode>
			</LookAt>
			<styleUrl>#m_ylw-pushpin</styleUrl>
			<Point>
				<gx:drawOrder>1</gx:drawOrder>
				<coordinates>84.8283222574525,25.58005157088354,0</coordinates>
			</Point>
		</Placemark>
		<Placemark>
			<name>P</name>
			<LookAt>
				<longitude>84.82829362299292</longitude>
				<latitude>25.57996829576909</latitude>
				<altitude>0</altitude>
				<heading>5.86822372147575e-06</heading>
				<tilt>0</tilt>
				<range>147.0151521224831</range>
				<gx:altitudeMode>relativeToSeaFloor</gx:altitudeMode>
			</LookAt>
			<styleUrl>#m_ylw-pushpin</styleUrl>
			<Point>
				<gx:drawOrder>1</gx:drawOrder>
				<coordinates>84.82819300307513,25.58004159981993,0</coordinates>
			</Point>
		</Placemark>
		<Placemark>
			<name>P</name>
			<LookAt>
				<longitude>84.82854103096001</longitude>
				<latitude>25.57967356569925</latitude>
				<altitude>0</altitude>
				<heading>0.0001603790138614103</heading>
				<tilt>0</tilt>
				<range>299.8734422935728</range>
				<gx:altitudeMode>relativeToSeaFloor</gx:altitudeMode>
			</LookAt>
			<styleUrl>#m_ylw-pushpin</styleUrl>
			<Point>
				<gx:drawOrder>1</gx:drawOrder>
				<coordinates>84.82850951834904,25.57994867725821,0</coordinates>
			</Point>
		</Placemark>
		<Placemark>
			<name>P</name>
			<LookAt>
				<longitude>84.82830788833981</longitude>
				<latitude>25.57998915495762</latitude>
				<altitude>0</altitude>
				<heading>8.752886483387597e-12</heading>
				<tilt>0</tilt>
				<range>100.6186336711778</range>
				<gx:altitudeMode>relativeToSeaFloor</gx:altitudeMode>
			</LookAt>
			<styleUrl>#m_ylw-pushpin</styleUrl>
			<Point>
				<gx:drawOrder>1</gx:drawOrder>
				<coordinates>84.82836310102812,25.58010888164844,0</coordinates>
			</Point>
		</Placemark>
		<Placemark>
			<name>P</name>
			<LookAt>
				<longitude>84.82855427361351</longitude>
				<latitude>25.57962372790671</latitude>
				<altitude>0</altitude>
				<heading>-0.05897594354268386</heading>
				<tilt>25.2423910162277</tilt>
				<range>414.4455556018111</range>
				<gx:altitudeMode>relativeToSeaFloor</gx:altitudeMode>
			</LookAt>
			<styleUrl>#m_ylw-pushpin</styleUrl>
			<Point>
				<gx:drawOrder>1</gx:drawOrder>
				<coordinates>84.82839468044585,25.57951739023413,0</coordinates>
			</Point>
		</Placemark>
		<Placemark>
			<name>P</name>
			<LookAt>
				<longitude>84.82855427361351</longitude>
				<latitude>25.57962372790671</latitude>
				<altitude>0</altitude>
				<heading>-0.05897594354268386</heading>
				<tilt>25.2423910162277</tilt>
				<range>414.4455556018111</range>
				<gx:altitudeMode>relativeToSeaFloor</gx:altitudeMode>
			</LookAt>
			<styleUrl>#m_ylw-pushpin</styleUrl>
			<Point>
				<gx:drawOrder>1</gx:drawOrder>
				<coordinates>84.82834675771436,25.57913145193335,0</coordinates>
			</Point>
		</Placemark>
		<Placemark>
			<name>P</name>
			<LookAt>
				<longitude>84.82839808394567</longitude>
				<latitude>25.58025387652999</latitude>
				<altitude>0</altitude>
				<heading>-4.013636410242022e-06</heading>
				<tilt>0</tilt>
				<range>103.0719769510082</range>
				<gx:altitudeMode>relativeToSeaFloor</gx:altitudeMode>
			</LookAt>
			<styleUrl>#m_ylw-pushpin</styleUrl>
			<Point>
				<gx:drawOrder>1</gx:drawOrder>
				<coordinates>84.82832901295265,25.58031092713636,0</coordinates>
			</Point>
		</Placemark>
		<Placemark>
			<name>P</name>
			<LookAt>
				<longitude>84.82845850306792</longitude>
				<latitude>25.58024619681458</latitude>
				<altitude>0</altitude>
				<heading>2.207382534114412e-05</heading>
				<tilt>0</tilt>
				<range>103.0249079369264</range>
				<gx:altitudeMode>relativeToSeaFloor</gx:altitudeMode>
			</LookAt>
			<styleUrl>#m_ylw-pushpin</styleUrl>
			<Point>
				<gx:drawOrder>1</gx:drawOrder>
				<coordinates>84.82845230712047,25.58028357077464,0</coordinates>
			</Point>
		</Placemark>
		<Placemark>
			<name>P</name>
			<LookAt>
				<longitude>84.82852967925071</longitude>
				<latitude>25.58027961748389</latitude>
				<altitude>0</altitude>
				<heading>-1.654987355402618e-05</heading>
				<tilt>0</tilt>
				<range>104.0216279994982</range>
				<gx:altitudeMode>relativeToSeaFloor</gx:altitudeMode>
			</LookAt>
			<styleUrl>#m_ylw-pushpin</styleUrl>
			<Point>
				<gx:drawOrder>1</gx:drawOrder>
				<coordinates>84.82853359292783,25.58041482080844,0</coordinates>
			</Point>
		</Placemark>
		<Placemark>
			<name>P</name>
			<LookAt>
				<longitude>84.82852967925071</longitude>
				<latitude>25.58027961748389</latitude>
				<altitude>0</altitude>
				<heading>-1.654987355402618e-05</heading>
				<tilt>0</tilt>
				<range>104.0216279994982</range>
				<gx:altitudeMode>relativeToSeaFloor</gx:altitudeMode>
			</LookAt>
			<styleUrl>#m_ylw-pushpin</styleUrl>
			<Point>
				<gx:drawOrder>1</gx:drawOrder>
				<coordinates>84.82865060610455,25.58035315430956,0</coordinates>
			</Point>
		</Placemark>
		<Placemark>
			<name>Untitled Path</name>
			<styleUrl>#m_ylw-pushpin21</styleUrl>
			<LineString>
				<tessellate>1</tessellate>
				<coordinates>
					84.82836133449915,25.58010842962853,0 84.82845089434701,25.58028296174137,0 84.82853051309594,25.58041615626553,0 84.82867136609401,25.58063021317994,0 84.82876757458632,25.58080760944625,0 84.82889420356494,25.58096783140979,0 84.82900617549535,25.58109510987435,0 84.82913855109319,25.58124861079338,0 84.82922363050635,25.58137385875899,0 84.82934881378149,25.58156828748456,0 84.82944598965298,25.58168347280167,0 84.82953571104686,25.58183672768164,0 84.82961891146969,25.58193893131943,0 84.82972854860959,25.58211803072398,0 84.82988677056336,25.58234065436809,0 84.83000126954337,25.58249133584011,0 84.83009045989715,25.58265376445813,0 84.83020182147987,25.582823729082,0 84.83033383509725,25.58302836066225,0 84.83050457637549,25.58322853371283,0 84.83065929495591,25.58344982312612,0 
				</coordinates>
			</LineString>
		</Placemark>
		<Placemark>
			<name>L</name>
			<styleUrl>#m_ylw-pushpin21</styleUrl>
			<LineString>
				<tessellate>1</tessellate>
				<coordinates>
					84.82853042546536,25.58041852278243,0 84.82865177300226,25.5803540713756,0 
				</coordinates>
			</LineString>
		</Placemark>
		<Placemark>
			<name>L</name>
			<styleUrl>#m_ylw-pushpin21</styleUrl>
			<LineString>
				<tessellate>1</tessellate>
				<coordinates>
					84.82867039449005,25.58062965386734,0 84.82879105432902,25.58056120584265,0 
				</coordinates>
			</LineString>
		</Placemark>
		<Placemark>
			<name>P</name>
			<LookAt>
				<longitude>84.8287591623107</longitude>
				<latitude>25.58079364512581</latitude>
				<altitude>0</altitude>
				<heading>-61.52952282990982</heading>
				<tilt>45.00061139722967</tilt>
				<range>103.3186266035084</range>
				<gx:altitudeMode>relativeToSeaFloor</gx:altitudeMode>
			</LookAt>
			<styleUrl>#m_ylw-pushpin</styleUrl>
			<Point>
				<gx:drawOrder>1</gx:drawOrder>
				<coordinates>84.82876928601821,25.58080539618531,0</coordinates>
			</Point>
		</Placemark>
		<Placemark>
			<name>P</name>
			<LookAt>
				<longitude>84.82892850297661</longitude>
				<latitude>25.5809170677386</latitude>
				<altitude>0</altitude>
				<heading>-36.22079068273937</heading>
				<tilt>45.61755227417974</tilt>
				<range>96.86539803939667</range>
				<gx:altitudeMode>relativeToSeaFloor</gx:altitudeMode>
			</LookAt>
			<styleUrl>#m_ylw-pushpin</styleUrl>
			<Point>
				<gx:drawOrder>1</gx:drawOrder>
				<coordinates>84.82889666109988,25.58096673918878,0</coordinates>
			</Point>
		</Placemark>
		<Placemark>
			<name>P</name>
			<LookAt>
				<longitude>84.82907283293417</longitude>
				<latitude>25.58105513764592</latitude>
				<altitude>0</altitude>
				<heading>-63.7390193905844</heading>
				<tilt>47.05622217070398</tilt>
				<range>93.85028994220544</range>
				<gx:altitudeMode>relativeToSeaFloor</gx:altitudeMode>
			</LookAt>
			<styleUrl>#m_ylw-pushpin</styleUrl>
			<Point>
				<gx:drawOrder>1</gx:drawOrder>
				<coordinates>84.82900674072539,25.58109508333763,0</coordinates>
			</Point>
		</Placemark>
		<Placemark>
			<name>P</name>
			<LookAt>
				<longitude>84.82907283293417</longitude>
				<latitude>25.58105513764592</latitude>
				<altitude>0</altitude>
				<heading>-63.7390193905844</heading>
				<tilt>47.05622217070398</tilt>
				<range>93.85028994220544</range>
				<gx:altitudeMode>relativeToSeaFloor</gx:altitudeMode>
			</LookAt>
			<styleUrl>#m_ylw-pushpin</styleUrl>
			<Point>
				<gx:drawOrder>1</gx:drawOrder>
				<coordinates>84.82891474883175,25.58114820123264,0</coordinates>
			</Point>
		</Placemark>
		<Placemark>
			<name>P</name>
			<LookAt>
				<longitude>84.82916661814545</longitude>
				<latitude>25.58123898091795</latitude>
				<altitude>0</altitude>
				<heading>-120.6771410647803</heading>
				<tilt>48.65762861701577</tilt>
				<range>95.75466107670009</range>
				<gx:altitudeMode>relativeToSeaFloor</gx:altitudeMode>
			</LookAt>
			<styleUrl>#m_ylw-pushpin</styleUrl>
			<Point>
				<gx:drawOrder>1</gx:drawOrder>
				<coordinates>84.82913938295192,25.58124585601264,0</coordinates>
			</Point>
		</Placemark>
		<Placemark>
			<name>P</name>
			<LookAt>
				<longitude>84.82921251703634</longitude>
				<latitude>25.5812538683638</latitude>
				<altitude>0</altitude>
				<heading>-15.77743122154004</heading>
				<tilt>50.9167940599887</tilt>
				<range>92.84260818818208</range>
				<gx:altitudeMode>relativeToSeaFloor</gx:altitudeMode>
			</LookAt>
			<styleUrl>#m_ylw-pushpin</styleUrl>
			<Point>
				<gx:drawOrder>1</gx:drawOrder>
				<coordinates>84.82922446105108,25.58137150342115,0</coordinates>
			</Point>
		</Placemark>
		<Placemark>
			<name>P</name>
			<LookAt>
				<longitude>84.82924657381955</longitude>
				<latitude>25.58138321952524</latitude>
				<altitude>0</altitude>
				<heading>-93.58770762550537</heading>
				<tilt>47.17020825033174</tilt>
				<range>97.92547093446889</range>
				<gx:altitudeMode>relativeToSeaFloor</gx:altitudeMode>
			</LookAt>
			<styleUrl>#m_ylw-pushpin</styleUrl>
			<Point>
				<gx:drawOrder>1</gx:drawOrder>
				<coordinates>84.82913799345658,25.58141870806624,0</coordinates>
			</Point>
		</Placemark>
		<Placemark>
			<name>P</name>
			<LookAt>
				<longitude>84.8293257800924</longitude>
				<latitude>25.58158321770987</latitude>
				<altitude>0</altitude>
				<heading>-42.67249210578782</heading>
				<tilt>45.18649083976704</tilt>
				<range>103.713029381693</range>
				<gx:altitudeMode>relativeToSeaFloor</gx:altitudeMode>
			</LookAt>
			<styleUrl>#m_ylw-pushpin</styleUrl>
			<Point>
				<gx:drawOrder>1</gx:drawOrder>
				<coordinates>84.82935638030921,25.58155731024857,0</coordinates>
			</Point>
		</Placemark>
		<Placemark>
			<name>P</name>
			<LookAt>
				<longitude>84.8293257800924</longitude>
				<latitude>25.58158321770987</latitude>
				<altitude>0</altitude>
				<heading>-42.67249210578782</heading>
				<tilt>45.18649083976704</tilt>
				<range>103.713029381693</range>
				<gx:altitudeMode>relativeToSeaFloor</gx:altitudeMode>
			</LookAt>
			<styleUrl>#m_ylw-pushpin</styleUrl>
			<Point>
				<gx:drawOrder>1</gx:drawOrder>
				<coordinates>84.8294281512245,25.58151726889844,0</coordinates>
			</Point>
		</Placemark>
		<Placemark>
			<name>Untitled Path</name>
			<styleUrl>#m_ylw-pushpin21</styleUrl>
			<LineString>
				<tessellate>1</tessellate>
				<coordinates>
					84.82988958332244,25.58234125212635,0 84.82996833468056,25.58228818744314,0 
				</coordinates>
			</LineString>
		</Placemark>
		<Placemark>
			<name>Untitled Path</name>
			<styleUrl>#m_ylw-pushpin21</styleUrl>
			<LineString>
				<tessellate>1</tessellate>
				<coordinates>
					84.83033087849438,25.5830374044529,0 84.83046168741612,25.5830275297017,0 84.83053772194663,25.58303970819513,0 
				</coordinates>
			</LineString>
		</Placemark>
		<Placemark>
			<name>P</name>
			<LookAt>
				<longitude>84.8306243498523</longitude>
				<latitude>25.58330063804385</latitude>
				<altitude>0</altitude>
				<heading>97.87698047352114</heading>
				<tilt>45.00060984757987</tilt>
				<range>103.0360151035001</range>
				<gx:altitudeMode>relativeToSeaFloor</gx:altitudeMode>
			</LookAt>
			<styleUrl>#m_ylw-pushpin</styleUrl>
			<Point>
				<gx:drawOrder>1</gx:drawOrder>
				<coordinates>84.83063749152866,25.58327687749527,0</coordinates>
			</Point>
		</Placemark>
		<Placemark>
			<name>P</name>
			<LookAt>
				<longitude>84.83076765190575</longitude>
				<latitude>25.58359768061595</latitude>
				<altitude>0</altitude>
				<heading>6.866687194294741e-06</heading>
				<tilt>0</tilt>
				<range>91.87592352034467</range>
				<gx:altitudeMode>relativeToSeaFloor</gx:altitudeMode>
			</LookAt>
			<styleUrl>#m_ylw-pushpin</styleUrl>
			<Point>
				<gx:drawOrder>1</gx:drawOrder>
				<coordinates>84.83075867521897,25.5836241501898,0</coordinates>
			</Point>
		</Placemark>
		<Placemark>
			<name>P</name>
			<LookAt>
				<longitude>84.83076765190575</longitude>
				<latitude>25.58359768061595</latitude>
				<altitude>0</altitude>
				<heading>6.866687194294741e-06</heading>
				<tilt>0</tilt>
				<range>91.87592352034467</range>
				<gx:altitudeMode>relativeToSeaFloor</gx:altitudeMode>
			</LookAt>
			<styleUrl>#m_ylw-pushpin</styleUrl>
			<Point>
				<gx:drawOrder>1</gx:drawOrder>
				<coordinates>84.83087661784337,25.58361914095781,0</coordinates>
			</Point>
		</Placemark>
		<Placemark>
			<name>p</name>
			<LookAt>
				<longitude>84.82391357952164</longitude>
				<latitude>25.57395114901767</latitude>
				<altitude>0</altitude>
				<heading>48.38480934240339</heading>
				<tilt>45.64661904116583</tilt>
				<range>101.8613242513959</range>
				<gx:altitudeMode>relativeToSeaFloor</gx:altitudeMode>
			</LookAt>
			<styleUrl>#m_ylw-pushpin1</styleUrl>
			<Point>
				<gx:drawOrder>1</gx:drawOrder>
				<coordinates>84.82412231653512,25.57433617394304,0</coordinates>
			</Point>
		</Placemark>
		<Placemark>
			<name>P</name>
			<LookAt>
				<longitude>84.82391357952164</longitude>
				<latitude>25.57395114901767</latitude>
				<altitude>0</altitude>
				<heading>48.38480934240339</heading>
				<tilt>45.64661904116583</tilt>
				<range>101.8613242513959</range>
				<gx:altitudeMode>relativeToSeaFloor</gx:altitudeMode>
			</LookAt>
			<styleUrl>#m_ylw-pushpin1</styleUrl>
			<Point>
				<gx:drawOrder>1</gx:drawOrder>
				<coordinates>84.82400302070423,25.57399615988652,0</coordinates>
			</Point>
		</Placemark>
		<Placemark>
			<name>P</name>
			<LookAt>
				<longitude>84.82363418505106</longitude>
				<latitude>25.57395931882001</latitude>
				<altitude>0</altitude>
				<heading>-0.000193808358597555</heading>
				<tilt>0</tilt>
				<range>104.3683550848643</range>
				<gx:altitudeMode>relativeToSeaFloor</gx:altitudeMode>
			</LookAt>
			<styleUrl>#m_ylw-pushpin1</styleUrl>
			<Point>
				<gx:drawOrder>1</gx:drawOrder>
				<coordinates>84.82360671247191,25.57392002285458,0</coordinates>
			</Point>
		</Placemark>
		<Placemark>
			<name>DP</name>
			<LookAt>
				<longitude>84.82404184881283</longitude>
				<latitude>25.57401391647199</latitude>
				<altitude>0</altitude>
				<heading>2.504686811652519e-12</heading>
				<tilt>0</tilt>
				<range>104.5053196585931</range>
				<gx:altitudeMode>relativeToSeaFloor</gx:altitudeMode>
			</LookAt>
			<styleUrl>#m_ylw-pushpin1</styleUrl>
			<Point>
				<gx:drawOrder>1</gx:drawOrder>
				<coordinates>84.824053626579,25.57395052742637,0</coordinates>
			</Point>
		</Placemark>
		<Placemark>
			<name>P</name>
			<Camera>
				<longitude>84.82817996067558</longitude>
				<latitude>25.57942876820833</latitude>
				<altitude>147.4448632778385</altitude>
				<heading>-0.651604104522846</heading>
				<tilt>0.8872539237373319</tilt>
				<roll>-0.6298362995872863</roll>
				<gx:altitudeMode>relativeToSeaFloor</gx:altitudeMode>
			</Camera>
			<styleUrl>#m_ylw-pushpin</styleUrl>
			<Point>
				<gx:drawOrder>1</gx:drawOrder>
				<coordinates>84.82814963019328,25.57957717218465,0</coordinates>
			</Point>
		</Placemark>
		<Placemark>
			<name>P</name>
			<LookAt>
				<longitude>84.8279731346839</longitude>
				<latitude>25.57966639336192</latitude>
				<altitude>0</altitude>
				<heading>-3.156103743700041e-05</heading>
				<tilt>0</tilt>
				<range>101.1673762449817</range>
				<gx:altitudeMode>relativeToSeaFloor</gx:altitudeMode>
			</LookAt>
			<styleUrl>#m_ylw-pushpin</styleUrl>
			<Point>
				<gx:drawOrder>1</gx:drawOrder>
				<coordinates>84.8279206363942,25.57972095175651,0</coordinates>
			</Point>
		</Placemark>
		<atom:link rel="app" href="https://www.google.com/earth/about/versions/#earth-pro" title="Google Earth Pro 7.3.7.1155"></atom:link>
	</Folder>
</Document>
</kml>
