<?xml version="1.0" encoding="UTF-8"?>
<kml xmlns="http://www.opengis.net/kml/2.2" xmlns:gx="http://www.google.com/kml/ext/2.2" xmlns:kml="http://www.opengis.net/kml/2.2" xmlns:atom="http://www.w3.org/2005/Atom">
<Document>
	<name>settle.kml</name>
	<StyleMap id="m_ylw-pushpin">
		<Pair>
			<key>normal</key>
			<styleUrl>#s_ylw-pushpin</styleUrl>
		</Pair>
		<Pair>
			<key>highlight</key>
			<styleUrl>#s_ylw-pushpin_hl</styleUrl>
		</Pair>
	</StyleMap>
	<StyleMap id="msn_placemark_circle">
		<Pair>
			<key>normal</key>
			<styleUrl>#sn_placemark_circle</styleUrl>
		</Pair>
		<Pair>
			<key>highlight</key>
			<styleUrl>#sh_placemark_circle_highlight</styleUrl>
		</Pair>
	</StyleMap>
	<Style id="s_ylw-pushpin">
		<IconStyle>
			<scale>1.1</scale>
			<Icon>
				<href>http://maps.google.com/mapfiles/kml/pushpin/ylw-pushpin.png</href>
			</Icon>
			<hotSpot x="20" y="2" xunits="pixels" yunits="pixels"/>
		</IconStyle>
		<PolyStyle>
			<fill>0</fill>
		</PolyStyle>
	</Style>
	<Style id="s_ylw-pushpin_hl">
		<IconStyle>
			<scale>1.3</scale>
			<Icon>
				<href>http://maps.google.com/mapfiles/kml/pushpin/ylw-pushpin.png</href>
			</Icon>
			<hotSpot x="20" y="2" xunits="pixels" yunits="pixels"/>
		</IconStyle>
		<PolyStyle>
			<fill>0</fill>
		</PolyStyle>
	</Style>
	<Style id="sh_placemark_circle_highlight">
		<IconStyle>
			<scale>0.590909</scale>
			<Icon>
				<href>http://maps.google.com/mapfiles/kml/shapes/placemark_circle_highlight.png</href>
			</Icon>
		</IconStyle>
		<PolyStyle>
			<fill>0</fill>
		</PolyStyle>
	</Style>
	<Style id="sn_placemark_circle">
		<IconStyle>
			<scale>0.5</scale>
			<Icon>
				<href>http://maps.google.com/mapfiles/kml/shapes/placemark_circle.png</href>
			</Icon>
		</IconStyle>
		<PolyStyle>
			<fill>0</fill>
		</PolyStyle>
	</Style>
	<Folder>
		<name>Temporary Places</name>
		<open>1</open>
		<Placemark>
			<name>B</name>
			<styleUrl>#msn_placemark_circle</styleUrl>
			<Polygon>
				<tessellate>1</tessellate>
				<outerBoundaryIs>
					<LinearRing>
						<coordinates>
							84.82435745968169,25.57345163645665,0 84.82431782319303,25.57333179560316,0 84.82444936660781,25.57329457960004,0 84.82448197446307,25.57342422485449,0 84.82435745968169,25.57345163645665,0 
						</coordinates>
					</LinearRing>
				</outerBoundaryIs>
			</Polygon>
		</Placemark>
		<Placemark>
			<name>B</name>
			<styleUrl>#msn_placemark_circle</styleUrl>
			<Polygon>
				<tessellate>1</tessellate>
				<outerBoundaryIs>
					<LinearRing>
						<coordinates>
							84.82444785067597,25.57361189136734,0 84.82443458140077,25.57353588509794,0 84.8245354707685,25.57351539401054,0 84.82456152930197,25.57359215036142,0 84.82444785067597,25.57361189136734,0 
						</coordinates>
					</LinearRing>
				</outerBoundaryIs>
			</Polygon>
		</Placemark>
		<Placemark>
			<name>B</name>
			<styleUrl>#msn_placemark_circle</styleUrl>
			<Polygon>
				<tessellate>1</tessellate>
				<outerBoundaryIs>
					<LinearRing>
						<coordinates>
							84.82448064508964,25.5736986139743,0 84.82446322624295,25.5736166909355,0 84.82456372337658,25.57359985693809,0 84.82461125418315,25.57364175259887,0 84.8246603632581,25.57363605585728,0 84.82467222080184,25.57366391073086,0 84.82448064508964,25.5736986139743,0 
						</coordinates>
					</LinearRing>
				</outerBoundaryIs>
			</Polygon>
		</Placemark>
		<Placemark>
			<name>B</name>
			<styleUrl>#msn_placemark_circle</styleUrl>
			<Polygon>
				<tessellate>1</tessellate>
				<outerBoundaryIs>
					<LinearRing>
						<coordinates>
							84.82458149315723,25.57376522808545,0 84.82454963839876,25.57369559121805,0 84.82463506858964,25.57368249985582,0 84.82463640854824,25.57375102877367,0 84.82458149315723,25.57376522808545,0 
						</coordinates>
					</LinearRing>
				</outerBoundaryIs>
			</Polygon>
		</Placemark>
		<Placemark>
			<name>TEMPLE </name>
			<visibility>0</visibility>
			<styleUrl>#m_ylw-pushpin</styleUrl>
			<Polygon>
				<tessellate>1</tessellate>
				<outerBoundaryIs>
					<LinearRing>
						<coordinates>
							84.87361178213943,25.64944765869512,0 84.8736424714031,25.64947336656594,0 84.87363500164953,25.64951657737086,0 84.87359704650903,25.64948360240342,0 84.87361178213943,25.64944765869512,0 
						</coordinates>
					</LinearRing>
				</outerBoundaryIs>
			</Polygon>
		</Placemark>
		<Placemark>
			<name>B</name>
			<styleUrl>#msn_placemark_circle</styleUrl>
			<Polygon>
				<tessellate>1</tessellate>
				<outerBoundaryIs>
					<LinearRing>
						<coordinates>
							84.82451480289524,25.57386755683062,0 84.82450552330405,25.57380853565342,0 84.82461202211051,25.57379164963322,0 84.82461470847547,25.57379169334798,0 84.82464177774447,25.57378956678179,0 84.824641427019,25.5738535066992,0 84.82451480289524,25.57386755683062,0 
						</coordinates>
					</LinearRing>
				</outerBoundaryIs>
			</Polygon>
		</Placemark>
		<Placemark>
			<name>B</name>
			<styleUrl>#msn_placemark_circle</styleUrl>
			<Polygon>
				<tessellate>1</tessellate>
				<outerBoundaryIs>
					<LinearRing>
						<coordinates>
							84.82450691525742,25.57380791618171,0 84.82449294694109,25.57373403259833,0 84.82455671391841,25.57372305320024,0 84.82456298064091,25.57376800419114,0 84.82452795138553,25.57377444552379,0 84.82452843417344,25.57379864662188,0 84.82450691525742,25.57380791618171,0 
						</coordinates>
					</LinearRing>
				</outerBoundaryIs>
			</Polygon>
		</Placemark>
		<Placemark>
			<name>B</name>
			<styleUrl>#msn_placemark_circle</styleUrl>
			<Polygon>
				<tessellate>1</tessellate>
				<outerBoundaryIs>
					<LinearRing>
						<coordinates>
							84.82392388609732,25.57375923744071,0 84.82391770361612,25.57371642449539,0 84.82403135532904,25.5736955561461,0 84.82403149531466,25.5737286989705,0 84.82392388609732,25.57375923744071,0 
						</coordinates>
					</LinearRing>
				</outerBoundaryIs>
			</Polygon>
		</Placemark>
		<Placemark>
			<name>B</name>
			<styleUrl>#msn_placemark_circle</styleUrl>
			<Polygon>
				<tessellate>1</tessellate>
				<outerBoundaryIs>
					<LinearRing>
						<coordinates>
							84.8244023020259,25.57400410067884,0 84.82444749592332,25.57399220790955,0 84.82445718779647,25.57402846292064,0 84.82440551834829,25.5740384736986,0 84.8244023020259,25.57400410067884,0 
						</coordinates>
					</LinearRing>
				</outerBoundaryIs>
			</Polygon>
		</Placemark>
		<Placemark>
			<name>B</name>
			<styleUrl>#msn_placemark_circle</styleUrl>
			<Polygon>
				<tessellate>1</tessellate>
				<outerBoundaryIs>
					<LinearRing>
						<coordinates>
							84.82447725954268,25.57410052516818,0 84.82445590897554,25.57399160526235,0 84.82457316978179,25.57397049860541,0 84.82459630658821,25.57407722140643,0 84.82447725954268,25.57410052516818,0 
						</coordinates>
					</LinearRing>
				</outerBoundaryIs>
			</Polygon>
		</Placemark>
		<Placemark>
			<name>B</name>
			<styleUrl>#msn_placemark_circle</styleUrl>
			<Polygon>
				<tessellate>1</tessellate>
				<outerBoundaryIs>
					<LinearRing>
						<coordinates>
							84.82461084771518,25.57409227007297,0 84.82457908335962,25.57397048351657,0 84.82466374563676,25.57395823395241,0 84.8246904767157,25.57407754827949,0 84.82461084771518,25.57409227007297,0 
						</coordinates>
					</LinearRing>
				</outerBoundaryIs>
			</Polygon>
		</Placemark>
		<Placemark>
			<name>B</name>
			<styleUrl>#msn_placemark_circle</styleUrl>
			<Polygon>
				<tessellate>1</tessellate>
				<outerBoundaryIs>
					<LinearRing>
						<coordinates>
							84.82466475499515,25.57419724999261,0 84.82464726844516,25.57409482774827,0 84.82475867384044,25.57406993728508,0 84.82477664838491,25.57417575753857,0 84.82466475499515,25.57419724999261,0 
						</coordinates>
					</LinearRing>
				</outerBoundaryIs>
			</Polygon>
		</Placemark>
		<Placemark>
			<name>b1</name>
			<styleUrl>#msn_placemark_circle</styleUrl>
			<Polygon>
				<tessellate>1</tessellate>
				<outerBoundaryIs>
					<LinearRing>
						<coordinates>
							84.81618119631229,25.56539331661356,0 84.81611707496283,25.56532050970239,0 84.816227518562,25.56526716712298,0 84.81627396123363,25.56536164716863,0 84.81618119631229,25.56539331661356,0 
						</coordinates>
					</LinearRing>
				</outerBoundaryIs>
			</Polygon>
		</Placemark>
		<Placemark>
			<name>b</name>
			<styleUrl>#msn_placemark_circle</styleUrl>
			<Polygon>
				<tessellate>1</tessellate>
				<outerBoundaryIs>
					<LinearRing>
						<coordinates>
							84.81671395699166,25.565992801165,0 84.81667852440837,25.56599959524794,0 84.8166604669,25.56596776626931,0 84.81670086335174,25.56596082471185,0 84.81671395699166,25.565992801165,0 
						</coordinates>
					</LinearRing>
				</outerBoundaryIs>
			</Polygon>
		</Placemark>
		<Placemark>
			<name>B</name>
			<styleUrl>#msn_placemark_circle</styleUrl>
			<Polygon>
				<tessellate>1</tessellate>
				<outerBoundaryIs>
					<LinearRing>
						<coordinates>
							84.82012852585741,25.56978341672434,0 84.82010112177493,25.56971300273858,0 84.8201574278937,25.56968986702209,0 84.8201921233911,25.56976060090281,0 84.82012852585741,25.56978341672434,0 
						</coordinates>
					</LinearRing>
				</outerBoundaryIs>
			</Polygon>
		</Placemark>
		<Placemark>
			<name>B</name>
			<styleUrl>#msn_placemark_circle</styleUrl>
			<Polygon>
				<tessellate>1</tessellate>
				<outerBoundaryIs>
					<LinearRing>
						<coordinates>
							84.82007814777653,25.56933415845722,0 84.82001585025954,25.56916507699416,0 84.82012691276165,25.56912546056614,0 84.82019597320688,25.56929894557835,0 84.82007814777653,25.56933415845722,0 
						</coordinates>
					</LinearRing>
				</outerBoundaryIs>
			</Polygon>
		</Placemark>
		<Placemark>
			<name>B</name>
			<styleUrl>#msn_placemark_circle</styleUrl>
			<Polygon>
				<tessellate>1</tessellate>
				<outerBoundaryIs>
					<LinearRing>
						<coordinates>
							84.82016804568123,25.56962646254571,0 84.8201334280553,25.56951704644682,0 84.82025892623555,25.56948368559573,0 84.82029471329275,25.56959536584509,0 84.82016804568123,25.56962646254571,0 
						</coordinates>
					</LinearRing>
				</outerBoundaryIs>
			</Polygon>
		</Placemark>
		<Placemark>
			<name>b3</name>
			<styleUrl>#msn_placemark_circle</styleUrl>
			<Polygon>
				<tessellate>1</tessellate>
				<outerBoundaryIs>
					<LinearRing>
						<coordinates>
							84.81668110229225,25.56595162920697,0 84.81665211170719,25.56596513344243,0 84.81664760987705,25.56593615478188,0 84.81666627244367,25.56593051405029,0 84.81668110229225,25.56595162920697,0 
						</coordinates>
					</LinearRing>
				</outerBoundaryIs>
			</Polygon>
		</Placemark>
		<Placemark>
			<name>B</name>
			<styleUrl>#msn_placemark_circle</styleUrl>
			<Polygon>
				<tessellate>1</tessellate>
				<outerBoundaryIs>
					<LinearRing>
						<coordinates>
							84.82029408384625,25.56973626717856,0 84.82025472984937,25.56965020869556,0 84.82028782554639,25.56963255869791,0 84.82033706485508,25.56971612761232,0 84.82029408384625,25.56973626717856,0 
						</coordinates>
					</LinearRing>
				</outerBoundaryIs>
			</Polygon>
		</Placemark>
		<Placemark>
			<name>B</name>
			<styleUrl>#msn_placemark_circle</styleUrl>
			<Polygon>
				<tessellate>1</tessellate>
				<outerBoundaryIs>
					<LinearRing>
						<coordinates>
							84.81999323260661,25.56954471848437,0 84.81992911672081,25.56938760244438,0 84.82006429448609,25.56934768446031,0 84.82011587980882,25.56950948718589,0 84.81999323260661,25.56954471848437,0 
						</coordinates>
					</LinearRing>
				</outerBoundaryIs>
			</Polygon>
		</Placemark>
		<Placemark>
			<name>S1</name>
			<styleUrl>#msn_placemark_circle</styleUrl>
			<Polygon>
				<tessellate>1</tessellate>
				<outerBoundaryIs>
					<LinearRing>
						<coordinates>
							84.81806510770598,25.56687211816368,0 84.81803248630804,25.56683321474195,0 84.81809857803904,25.56681145235338,0 84.81811817312848,25.5668438621212,0 84.81806510770598,25.56687211816368,0 
						</coordinates>
					</LinearRing>
				</outerBoundaryIs>
			</Polygon>
		</Placemark>
		<Placemark>
			<name>B</name>
			<styleUrl>#msn_placemark_circle</styleUrl>
			<Polygon>
				<tessellate>1</tessellate>
				<outerBoundaryIs>
					<LinearRing>
						<coordinates>
							84.81861316553476,25.56784661891394,0 84.81857632877919,25.56778479963847,0 84.81870899556166,25.56773127102658,0 84.81873865536268,25.56779604472983,0 84.81861316553476,25.56784661891394,0 
						</coordinates>
					</LinearRing>
				</outerBoundaryIs>
			</Polygon>
		</Placemark>
		<Placemark>
			<name>B</name>
			<styleUrl>#msn_placemark_circle</styleUrl>
			<Polygon>
				<tessellate>1</tessellate>
				<outerBoundaryIs>
					<LinearRing>
						<coordinates>
							84.81874879781473,25.56779815769954,0 84.81872149521269,25.567731978359,0 84.81883253438835,25.56769316007225,0 84.81885432100761,25.56775593710698,0 84.81874879781473,25.56779815769954,0 
						</coordinates>
					</LinearRing>
				</outerBoundaryIs>
			</Polygon>
		</Placemark>
		<Placemark>
			<name>B</name>
			<styleUrl>#msn_placemark_circle</styleUrl>
			<Polygon>
				<tessellate>1</tessellate>
				<outerBoundaryIs>
					<LinearRing>
						<coordinates>
							84.8198671117637,25.56917659377501,0 84.81982611684791,25.56907253028017,0 84.8200118128359,25.56900434264097,0 84.82006312093979,25.56912535914866,0 84.8198671117637,25.56917659377501,0 
						</coordinates>
					</LinearRing>
				</outerBoundaryIs>
			</Polygon>
		</Placemark>
		<Placemark>
			<name>B</name>
			<styleUrl>#msn_placemark_circle</styleUrl>
			<Polygon>
				<tessellate>1</tessellate>
				<outerBoundaryIs>
					<LinearRing>
						<coordinates>
							84.8200550434907,25.56965955050255,0 84.82001627440414,25.56955826634433,0 84.82012095776416,25.56953227839103,0 84.82015469898376,25.56963403300864,0 84.8200550434907,25.56965955050255,0 
						</coordinates>
					</LinearRing>
				</outerBoundaryIs>
			</Polygon>
		</Placemark>
		<Placemark>
			<name>B</name>
			<styleUrl>#msn_placemark_circle</styleUrl>
			<Polygon>
				<tessellate>1</tessellate>
				<outerBoundaryIs>
					<LinearRing>
						<coordinates>
							84.81896974432156,25.56776724533114,0 84.81892322095821,25.56766213217229,0 84.81899663498905,25.56763573792018,0 84.81904181213798,25.56774178477425,0 84.81896974432156,25.56776724533114,0 
						</coordinates>
					</LinearRing>
				</outerBoundaryIs>
			</Polygon>
		</Placemark>
		<Placemark>
			<name>B</name>
			<styleUrl>#msn_placemark_circle</styleUrl>
			<Polygon>
				<tessellate>1</tessellate>
				<outerBoundaryIs>
					<LinearRing>
						<coordinates>
							84.81891844371742,25.56790257897869,0 84.81887698568765,25.56780668584022,0 84.81901643132493,25.56775453136449,0 84.81905677108628,25.56785581672267,0 84.81891844371742,25.56790257897869,0 
						</coordinates>
					</LinearRing>
				</outerBoundaryIs>
			</Polygon>
		</Placemark>
		<Placemark>
			<name>B</name>
			<styleUrl>#msn_placemark_circle</styleUrl>
			<Polygon>
				<tessellate>1</tessellate>
				<outerBoundaryIs>
					<LinearRing>
						<coordinates>
							84.81896391449764,25.56800283415406,0 84.81892237466329,25.56790894190071,0 84.81903293739271,25.56787341709939,0 84.81905891655488,25.5679683004194,0 84.81896391449764,25.56800283415406,0 
						</coordinates>
					</LinearRing>
				</outerBoundaryIs>
			</Polygon>
		</Placemark>
		<Placemark>
			<name>B</name>
			<styleUrl>#msn_placemark_circle</styleUrl>
			<Polygon>
				<tessellate>1</tessellate>
				<outerBoundaryIs>
					<LinearRing>
						<coordinates>
							84.81878908740568,25.56807661848666,0 84.81895444390034,25.56801885924034,0 84.81897670960909,25.56806816057322,0 84.81881971436995,25.56812973733363,0 84.81878908740568,25.56807661848666,0 
						</coordinates>
					</LinearRing>
				</outerBoundaryIs>
			</Polygon>
		</Placemark>
		<Placemark>
			<name>B</name>
			<styleUrl>#msn_placemark_circle</styleUrl>
			<Polygon>
				<tessellate>1</tessellate>
				<outerBoundaryIs>
					<LinearRing>
						<coordinates>
							84.81905219816184,25.56828331665677,0 84.81911452306468,25.56825836285148,0 84.81904476967816,25.56811675476297,0 84.81910653646462,25.5680932633538,0 84.81919108934078,25.56827770398791,0 84.81907509383682,25.56832094409309,0 84.81905219816184,25.56828331665677,0 
						</coordinates>
					</LinearRing>
				</outerBoundaryIs>
			</Polygon>
		</Placemark>
		<Placemark>
			<name>B</name>
			<styleUrl>#msn_placemark_circle</styleUrl>
			<Polygon>
				<tessellate>1</tessellate>
				<outerBoundaryIs>
					<LinearRing>
						<coordinates>
							84.8192533500675,25.56824376881135,0 84.81918921041427,25.56825996370616,0 84.81911524881981,25.56808940022902,0 84.81918473113248,25.56808481031035,0 84.8192533500675,25.56824376881135,0 
						</coordinates>
					</LinearRing>
				</outerBoundaryIs>
			</Polygon>
		</Placemark>
		<Placemark>
			<name>B</name>
			<styleUrl>#msn_placemark_circle</styleUrl>
			<Polygon>
				<tessellate>1</tessellate>
				<outerBoundaryIs>
					<LinearRing>
						<coordinates>
							84.81932511533554,25.56821944629248,0 84.8192578080976,25.56823407904135,0 84.81918986828349,25.56807897455878,0 84.81925887181957,25.56806103605181,0 84.81932511533554,25.56821944629248,0 
						</coordinates>
					</LinearRing>
				</outerBoundaryIs>
			</Polygon>
		</Placemark>
		<Placemark>
			<name>B</name>
			<styleUrl>#msn_placemark_circle</styleUrl>
			<Polygon>
				<tessellate>1</tessellate>
				<outerBoundaryIs>
					<LinearRing>
						<coordinates>
							84.81946607792207,25.56812970266866,0 84.81933647367254,25.56816492088783,0 84.81927422909294,25.56805609845612,0 84.81941209964147,25.56801480772236,0 84.81946607792207,25.56812970266866,0 
						</coordinates>
					</LinearRing>
				</outerBoundaryIs>
			</Polygon>
		</Placemark>
		<Placemark>
			<name>B</name>
			<styleUrl>#msn_placemark_circle</styleUrl>
			<Polygon>
				<tessellate>1</tessellate>
				<outerBoundaryIs>
					<LinearRing>
						<coordinates>
							84.81834683858334,25.56803590449512,0 84.81836698269933,25.56806581789697,0 84.81831372675312,25.56810564195266,0 84.81828982595832,25.5680803982197,0 84.81834683858334,25.56803590449512,0 
						</coordinates>
					</LinearRing>
				</outerBoundaryIs>
			</Polygon>
		</Placemark>
		<Placemark>
			<name>S</name>
			<styleUrl>#msn_placemark_circle</styleUrl>
			<Polygon>
				<tessellate>1</tessellate>
				<outerBoundaryIs>
					<LinearRing>
						<coordinates>
							84.81898396442526,25.5681398628921,0 84.81903561188749,25.56812642828571,0 84.81910420024884,25.56825351779924,0 84.81905616237226,25.56827661165068,0 84.81898396442526,25.5681398628921,0 
						</coordinates>
					</LinearRing>
				</outerBoundaryIs>
			</Polygon>
		</Placemark>
		<Placemark>
			<name>B</name>
			<styleUrl>#msn_placemark_circle</styleUrl>
			<Polygon>
				<tessellate>1</tessellate>
				<outerBoundaryIs>
					<LinearRing>
						<coordinates>
							84.8193462666288,25.56842739259205,0 84.81931625389682,25.56837649043668,0 84.81937836278402,25.56833631148225,0 84.81939814092888,25.5684040989726,0 84.8193462666288,25.56842739259205,0 
						</coordinates>
					</LinearRing>
				</outerBoundaryIs>
			</Polygon>
		</Placemark>
		<Placemark>
			<name>B</name>
			<styleUrl>#msn_placemark_circle</styleUrl>
			<Polygon>
				<tessellate>1</tessellate>
				<outerBoundaryIs>
					<LinearRing>
						<coordinates>
							84.81944550896105,25.56839535799284,0 84.8194129788378,25.56830747041202,0 84.81951395300027,25.56826914524585,0 84.81956189814009,25.56836825366948,0 84.81944550896105,25.56839535799284,0 
						</coordinates>
					</LinearRing>
				</outerBoundaryIs>
			</Polygon>
		</Placemark>
		<Placemark>
			<name>B</name>
			<styleUrl>#msn_placemark_circle</styleUrl>
			<Polygon>
				<tessellate>1</tessellate>
				<outerBoundaryIs>
					<LinearRing>
						<coordinates>
							84.81960841718796,25.56880905088078,0 84.81956190443928,25.56866973771247,0 84.8196100482525,25.5686561024974,0 84.81966317805482,25.56879888312556,0 84.81960841718796,25.56880905088078,0 
						</coordinates>
					</LinearRing>
				</outerBoundaryIs>
			</Polygon>
		</Placemark>
		<Placemark>
			<name>B</name>
			<styleUrl>#msn_placemark_circle</styleUrl>
			<Polygon>
				<tessellate>1</tessellate>
				<outerBoundaryIs>
					<LinearRing>
						<coordinates>
							84.81966821871436,25.56879490569866,0 84.81961951869985,25.56866236691502,0 84.81965675502623,25.56864812473421,0 84.81971044156259,25.56878584397803,0 84.81966821871436,25.56879490569866,0 
						</coordinates>
					</LinearRing>
				</outerBoundaryIs>
			</Polygon>
		</Placemark>
		<Placemark>
			<name>B</name>
			<styleUrl>#msn_placemark_circle</styleUrl>
			<Polygon>
				<tessellate>1</tessellate>
				<outerBoundaryIs>
					<LinearRing>
						<coordinates>
							84.81971674563603,25.5687807351362,0 84.81967191513664,25.56864585451289,0 84.81970916590103,25.5686327823993,0 84.81975522818669,25.56876483577416,0 84.81971674563603,25.5687807351362,0 
						</coordinates>
					</LinearRing>
				</outerBoundaryIs>
			</Polygon>
		</Placemark>
		<Placemark>
			<name>B</name>
			<styleUrl>#msn_placemark_circle</styleUrl>
			<Polygon>
				<tessellate>1</tessellate>
				<outerBoundaryIs>
					<LinearRing>
						<coordinates>
							84.81976342763022,25.56875856984935,0 84.81972115611013,25.5686327897591,0 84.81984958056057,25.5686017715789,0 84.81988466941084,25.56872167338778,0 84.81976342763022,25.56875856984935,0 
						</coordinates>
					</LinearRing>
				</outerBoundaryIs>
			</Polygon>
		</Placemark>
		<Placemark>
			<name>B</name>
			<styleUrl>#msn_placemark_circle</styleUrl>
			<Polygon>
				<tessellate>1</tessellate>
				<outerBoundaryIs>
					<LinearRing>
						<coordinates>
							84.81989681096894,25.5687337007687,0 84.81987309617469,25.56864910879017,0 84.81989921496493,25.56864105609769,0 84.81992618640702,25.56872113275648,0 84.81989681096894,25.5687337007687,0 
						</coordinates>
					</LinearRing>
				</outerBoundaryIs>
			</Polygon>
		</Placemark>
		<Placemark>
			<name>B</name>
			<styleUrl>#msn_placemark_circle</styleUrl>
			<Polygon>
				<tessellate>1</tessellate>
				<outerBoundaryIs>
					<LinearRing>
						<coordinates>
							84.8203624429129,25.56967447583839,0 84.82033787660106,25.56959792552121,0 84.82038306043691,25.56958420098802,0 84.82040599299107,25.5696661796249,0 84.8203624429129,25.56967447583839,0 
						</coordinates>
					</LinearRing>
				</outerBoundaryIs>
			</Polygon>
		</Placemark>
		<Placemark>
			<name>B</name>
			<styleUrl>#msn_placemark_circle</styleUrl>
			<Polygon>
				<tessellate>1</tessellate>
				<outerBoundaryIs>
					<LinearRing>
						<coordinates>
							84.82046148591429,25.56967335526511,0 84.82042170291361,25.56958010855584,0 84.82049879913151,25.56955346278449,0 84.82053901309864,25.5696515943058,0 84.82046148591429,25.56967335526511,0 
						</coordinates>
					</LinearRing>
				</outerBoundaryIs>
			</Polygon>
		</Placemark>
		<Placemark>
			<name>B</name>
			<styleUrl>#msn_placemark_circle</styleUrl>
			<Polygon>
				<tessellate>1</tessellate>
				<outerBoundaryIs>
					<LinearRing>
						<coordinates>
							84.82042182002563,25.56969192347377,0 84.82040072474106,25.5696352192181,0 84.82043100691712,25.5696212807265,0 84.82045779262417,25.56968010784392,0 84.82042182002563,25.56969192347377,0 
						</coordinates>
					</LinearRing>
				</outerBoundaryIs>
			</Polygon>
		</Placemark>
		<Placemark>
			<name>B</name>
			<styleUrl>#msn_placemark_circle</styleUrl>
			<Polygon>
				<tessellate>1</tessellate>
				<outerBoundaryIs>
					<LinearRing>
						<coordinates>
							84.82022617746425,25.56990657791278,0 84.82017603547291,25.56978162669935,0 84.82026175155742,25.56974720766518,0 84.82029911296615,25.56982766228434,0 84.82029518351104,25.5698786351548,0 84.82022617746425,25.56990657791278,0 
						</coordinates>
					</LinearRing>
				</outerBoundaryIs>
			</Polygon>
		</Placemark>
		<Placemark>
			<name>B</name>
			<styleUrl>#msn_placemark_circle</styleUrl>
			<Polygon>
				<tessellate>1</tessellate>
				<outerBoundaryIs>
					<LinearRing>
						<coordinates>
							84.82031570178222,25.56987760128756,0 84.8202751589741,25.56974897559398,0 84.82033526397966,25.56972724716022,0 84.82039110163136,25.56985046179436,0 84.82038988132342,25.56984704394392,0 84.82031570178222,25.56987760128756,0 
						</coordinates>
					</LinearRing>
				</outerBoundaryIs>
			</Polygon>
		</Placemark>
		<Placemark>
			<name>B</name>
			<styleUrl>#msn_placemark_circle</styleUrl>
			<Polygon>
				<tessellate>1</tessellate>
				<outerBoundaryIs>
					<LinearRing>
						<coordinates>
							84.82039803150626,25.56984020000756,0 84.82035005317202,25.56972835470389,0 84.8204388275948,25.56969342160639,0 84.8204652474558,25.56980672558646,0 84.82039803150626,25.56984020000756,0 
						</coordinates>
					</LinearRing>
				</outerBoundaryIs>
			</Polygon>
		</Placemark>
		<Placemark>
			<name>SCHOOL</name>
			<styleUrl>#msn_placemark_circle</styleUrl>
			<Polygon>
				<tessellate>1</tessellate>
				<outerBoundaryIs>
					<LinearRing>
						<coordinates>
							84.81961092865875,25.57006013149264,0 84.81953699254404,25.56986148096022,0 84.81984605964223,25.56976071765265,0 84.81993325149028,25.56994083358135,0 84.81961092865875,25.57006013149264,0 
						</coordinates>
					</LinearRing>
				</outerBoundaryIs>
			</Polygon>
		</Placemark>
		<Placemark>
			<name>B</name>
			<styleUrl>#msn_placemark_circle</styleUrl>
			<Polygon>
				<tessellate>1</tessellate>
				<outerBoundaryIs>
					<LinearRing>
						<coordinates>
							84.82030066747824,25.57036464370158,0 84.82025566744298,25.570242025406,0 84.82030190829433,25.57022223232829,0 84.82033779425855,25.57033720194465,0 84.82030066747824,25.57036464370158,0 
						</coordinates>
					</LinearRing>
				</outerBoundaryIs>
			</Polygon>
		</Placemark>
		<Placemark>
			<name>B</name>
			<styleUrl>#msn_placemark_circle</styleUrl>
			<Polygon>
				<tessellate>1</tessellate>
				<outerBoundaryIs>
					<LinearRing>
						<coordinates>
							84.82037085893684,25.57053999042282,0 84.82033262230975,25.57047364785509,0 84.82037627121149,25.57045473528781,0 84.82040849404946,25.5705261679825,0 84.82037085893684,25.57053999042282,0 
						</coordinates>
					</LinearRing>
				</outerBoundaryIs>
			</Polygon>
		</Placemark>
		<Placemark>
			<name>B</name>
			<styleUrl>#msn_placemark_circle</styleUrl>
			<Polygon>
				<tessellate>1</tessellate>
				<outerBoundaryIs>
					<LinearRing>
						<coordinates>
							84.82048125418888,25.57055047652492,0 84.82041413814024,25.57039913948879,0 84.82060069566565,25.57032129104367,0 84.82067704485274,25.57047464137435,0 84.82048125418888,25.57055047652492,0 
						</coordinates>
					</LinearRing>
				</outerBoundaryIs>
			</Polygon>
		</Placemark>
		<Placemark>
			<name>B</name>
			<styleUrl>#msn_placemark_circle</styleUrl>
			<Polygon>
				<tessellate>1</tessellate>
				<outerBoundaryIs>
					<LinearRing>
						<coordinates>
							84.82068211815886,25.5704726610593,0 84.82060940695537,25.57032065719492,0 84.8206471117289,25.5703056960694,0 84.82072480576311,25.57045946617014,0 84.82068211815886,25.5704726610593,0 
						</coordinates>
					</LinearRing>
				</outerBoundaryIs>
			</Polygon>
		</Placemark>
		<Placemark>
			<name>B</name>
			<styleUrl>#msn_placemark_circle</styleUrl>
			<Polygon>
				<tessellate>1</tessellate>
				<outerBoundaryIs>
					<LinearRing>
						<coordinates>
							84.82053823531864,25.57076159060921,0 84.82050624566217,25.57069235154914,0 84.8205544646453,25.57065886541076,0 84.82059639317242,25.57074920964759,0 84.82053823531864,25.57076159060921,0 
						</coordinates>
					</LinearRing>
				</outerBoundaryIs>
			</Polygon>
		</Placemark>
		<Placemark>
			<name>B</name>
			<styleUrl>#msn_placemark_circle</styleUrl>
			<Polygon>
				<tessellate>1</tessellate>
				<outerBoundaryIs>
					<LinearRing>
						<coordinates>
							84.82069186840718,25.57105339052749,0 84.82067718665577,25.57103103916025,0 84.82074226080915,25.57100089620483,0 84.82075307315145,25.57101832725793,0 84.82069186840718,25.57105339052749,0 
						</coordinates>
					</LinearRing>
				</outerBoundaryIs>
			</Polygon>
		</Placemark>
		<Placemark>
			<name>B</name>
			<styleUrl>#msn_placemark_circle</styleUrl>
			<Polygon>
				<tessellate>1</tessellate>
				<outerBoundaryIs>
					<LinearRing>
						<coordinates>
							84.82065939207848,25.57101429329065,0 84.82063774539505,25.57098358198855,0 84.8207075206286,25.57094164597983,0 84.82073608811918,25.57098555445431,0 84.82065939207848,25.57101429329065,0 
						</coordinates>
					</LinearRing>
				</outerBoundaryIs>
			</Polygon>
		</Placemark>
		<Placemark>
			<name>B</name>
			<styleUrl>#msn_placemark_circle</styleUrl>
			<Polygon>
				<tessellate>1</tessellate>
				<outerBoundaryIs>
					<LinearRing>
						<coordinates>
							84.82075985132398,25.57101798133992,0 84.8207255838048,25.57095356972667,0 84.82074959744649,25.57094636815564,0 84.82078373908095,25.57101375441412,0 84.82075985132398,25.57101798133992,0 
						</coordinates>
					</LinearRing>
				</outerBoundaryIs>
			</Polygon>
		</Placemark>
		<Placemark>
			<name>B</name>
			<styleUrl>#msn_placemark_circle</styleUrl>
			<Polygon>
				<tessellate>1</tessellate>
				<outerBoundaryIs>
					<LinearRing>
						<coordinates>
							84.82068045531378,25.57094301839011,0 84.82065025328068,25.57088917229996,0 84.82061679682481,25.57090118377265,0 84.82061071301158,25.57087347610661,0 84.82066671971405,25.57084934167936,0 84.82069934857692,25.57092822123326,0 84.82068045531378,25.57094301839011,0 
						</coordinates>
					</LinearRing>
				</outerBoundaryIs>
			</Polygon>
		</Placemark>
		<Placemark>
			<name>B</name>
			<styleUrl>#msn_placemark_circle</styleUrl>
			<Polygon>
				<tessellate>1</tessellate>
				<outerBoundaryIs>
					<LinearRing>
						<coordinates>
							84.82068459151823,25.5708794283379,0 84.82074474562549,25.57085733122921,0 84.82075302685527,25.57088416701439,0 84.82072789309932,25.57089688669245,0 84.82075516270784,25.57093100141401,0 84.82072109736873,25.57094761173061,0 84.82068459151823,25.5708794283379,0 
						</coordinates>
					</LinearRing>
				</outerBoundaryIs>
			</Polygon>
		</Placemark>
		<Placemark>
			<name>B</name>
			<styleUrl>#msn_placemark_circle</styleUrl>
			<Polygon>
				<tessellate>1</tessellate>
				<outerBoundaryIs>
					<LinearRing>
						<coordinates>
							84.82083794694422,25.57099024816251,0 84.82080430557473,25.57091985324885,0 84.82082462813884,25.57090205856269,0 84.82086959962632,25.57097143884975,0 84.82083794694422,25.57099024816251,0 
						</coordinates>
					</LinearRing>
				</outerBoundaryIs>
			</Polygon>
		</Placemark>
		<Placemark>
			<name>B</name>
			<styleUrl>#msn_placemark_circle</styleUrl>
			<Polygon>
				<tessellate>1</tessellate>
				<outerBoundaryIs>
					<LinearRing>
						<coordinates>
							84.82068892756841,25.57087092848688,0 84.82068019250583,25.57084176240466,0 84.8207778265303,25.57080802610501,0 84.82079219254716,25.57084066710627,0 84.82068892756841,25.57087092848688,0 
						</coordinates>
					</LinearRing>
				</outerBoundaryIs>
			</Polygon>
		</Placemark>
		<Placemark>
			<name>B</name>
			<styleUrl>#msn_placemark_circle</styleUrl>
			<Polygon>
				<tessellate>1</tessellate>
				<outerBoundaryIs>
					<LinearRing>
						<coordinates>
							84.8207714447252,25.57096170159252,0 84.82075576452144,25.57093555384321,0 84.82079542116227,25.57092239405271,0 84.82080527486777,25.57094585032196,0 84.8207714447252,25.57096170159252,0 
						</coordinates>
					</LinearRing>
				</outerBoundaryIs>
			</Polygon>
		</Placemark>
		<Placemark>
			<name>B</name>
			<styleUrl>#msn_placemark_circle</styleUrl>
			<Polygon>
				<tessellate>1</tessellate>
				<outerBoundaryIs>
					<LinearRing>
						<coordinates>
							84.82081303753414,25.57086798815656,0 84.82079709785005,25.5708402939632,0 84.82086665431287,25.57081228640404,0 84.82091456488452,25.57090228468608,0 84.82089708935362,25.57090977785536,0 84.82085837724556,25.57084451793646,0 84.82081303753414,25.57086798815656,0 
						</coordinates>
					</LinearRing>
				</outerBoundaryIs>
			</Polygon>
		</Placemark>
		<Placemark>
			<name>B</name>
			<styleUrl>#msn_placemark_circle</styleUrl>
			<Polygon>
				<tessellate>1</tessellate>
				<outerBoundaryIs>
					<LinearRing>
						<coordinates>
							84.82086773466831,25.5709552661416,0 84.82085684195968,25.57093223815924,0 84.82089043564437,25.57091523082083,0 84.82090112041952,25.57093692050404,0 84.82086773466831,25.5709552661416,0 
						</coordinates>
					</LinearRing>
				</outerBoundaryIs>
			</Polygon>
		</Placemark>
		<Placemark>
			<name>B</name>
			<styleUrl>#msn_placemark_circle</styleUrl>
			<Polygon>
				<tessellate>1</tessellate>
				<outerBoundaryIs>
					<LinearRing>
						<coordinates>
							84.82092780006771,25.57090245444278,0 84.8209267630367,25.57090029837077,0 84.82087854411078,25.57081204542775,0 84.8209374865817,25.57079383328852,0 84.82098385991428,25.57087194729673,0 84.82092780006771,25.57090245444278,0 
						</coordinates>
					</LinearRing>
				</outerBoundaryIs>
			</Polygon>
		</Placemark>
		<Placemark>
			<name>B</name>
			<styleUrl>#msn_placemark_circle</styleUrl>
			<Polygon>
				<tessellate>1</tessellate>
				<outerBoundaryIs>
					<LinearRing>
						<coordinates>
							84.82079678247888,25.57083390930327,0 84.82075945776867,25.57076469599657,0 84.82084226251081,25.57071754939292,0 84.82088438998204,25.57079540176498,0 84.82079678247888,25.57083390930327,0 
						</coordinates>
					</LinearRing>
				</outerBoundaryIs>
			</Polygon>
		</Placemark>
		<Placemark>
			<name>B</name>
			<styleUrl>#msn_placemark_circle</styleUrl>
			<Polygon>
				<tessellate>1</tessellate>
				<outerBoundaryIs>
					<LinearRing>
						<coordinates>
							84.82090644434538,25.57079145621914,0 84.82085509308409,25.57069046476911,0 84.82096430283109,25.57064358629122,0 84.82100711681463,25.57074928138397,0 84.82090644434538,25.57079145621914,0 
						</coordinates>
					</LinearRing>
				</outerBoundaryIs>
			</Polygon>
		</Placemark>
		<Placemark>
			<name>B</name>
			<styleUrl>#msn_placemark_circle</styleUrl>
			<Polygon>
				<tessellate>1</tessellate>
				<outerBoundaryIs>
					<LinearRing>
						<coordinates>
							84.82099363018307,25.57121793608667,0 84.82089769578806,25.57102985428403,0 84.82099372421169,25.57098557292684,0 84.82099371207919,25.57098666775971,0 84.82108869074503,25.57118356822723,0 84.82099363018307,25.57121793608667,0 
						</coordinates>
					</LinearRing>
				</outerBoundaryIs>
			</Polygon>
		</Placemark>
		<Placemark>
			<name>B</name>
			<styleUrl>#msn_placemark_circle</styleUrl>
			<Polygon>
				<tessellate>1</tessellate>
				<outerBoundaryIs>
					<LinearRing>
						<coordinates>
							84.82110898567731,25.57120965094818,0 84.82099680018693,25.57097777912923,0 84.82109996462127,25.57093500439207,0 84.82121060563649,25.57117246428196,0 84.82110898567731,25.57120965094818,0 
						</coordinates>
					</LinearRing>
				</outerBoundaryIs>
			</Polygon>
		</Placemark>
		<Placemark>
			<name>B</name>
			<styleUrl>#msn_placemark_circle</styleUrl>
			<Polygon>
				<tessellate>1</tessellate>
				<outerBoundaryIs>
					<LinearRing>
						<coordinates>
							84.82090870446945,25.57140011601475,0 84.82085181345388,25.57130395219714,0 84.82096053842865,25.57123578100302,0 84.82102607521773,25.57133617735033,0 84.82090870446945,25.57140011601475,0 
						</coordinates>
					</LinearRing>
				</outerBoundaryIs>
			</Polygon>
		</Placemark>
		<Placemark>
			<name>B</name>
			<styleUrl>#msn_placemark_circle</styleUrl>
			<Polygon>
				<tessellate>1</tessellate>
				<outerBoundaryIs>
					<LinearRing>
						<coordinates>
							84.82077780179763,25.57135492001924,0 84.82077050033385,25.57133273340655,0 84.82083448398407,25.57129880242812,0 84.82084734807603,25.5713230787902,0 84.82077780179763,25.57135492001924,0 
						</coordinates>
					</LinearRing>
				</outerBoundaryIs>
			</Polygon>
		</Placemark>
		<Placemark>
			<name>TEMPLE</name>
			<styleUrl>#msn_placemark_circle</styleUrl>
			<Polygon>
				<tessellate>1</tessellate>
				<outerBoundaryIs>
					<LinearRing>
						<coordinates>
							84.82096576472568,25.57176608426701,0 84.8208892422098,25.57162172223279,0 84.8209916171762,25.57157829984188,0 84.82104598073502,25.57174300119024,0 84.82096576472568,25.57176608426701,0 
						</coordinates>
					</LinearRing>
				</outerBoundaryIs>
			</Polygon>
		</Placemark>
		<Placemark>
			<name>B</name>
			<styleUrl>#msn_placemark_circle</styleUrl>
			<Polygon>
				<tessellate>1</tessellate>
				<outerBoundaryIs>
					<LinearRing>
						<coordinates>
							84.82116474097357,25.57169823341111,0 84.82116350207045,25.5716952953629,0 84.82114589771608,25.57162991132828,0 84.82122533021715,25.5716041507832,0 84.82124076818549,25.57166964695276,0 84.82116474097357,25.57169823341111,0 
						</coordinates>
					</LinearRing>
				</outerBoundaryIs>
			</Polygon>
		</Placemark>
		<Placemark>
			<name>B</name>
			<styleUrl>#msn_placemark_circle</styleUrl>
			<Polygon>
				<tessellate>1</tessellate>
				<outerBoundaryIs>
					<LinearRing>
						<coordinates>
							84.82114199075258,25.57162501629817,0 84.82113041079131,25.57158907271909,0 84.82118229918265,25.57157376222079,0 84.82119023999924,25.57160788198495,0 84.82114199075258,25.57162501629817,0 
						</coordinates>
					</LinearRing>
				</outerBoundaryIs>
			</Polygon>
		</Placemark>
		<Placemark>
			<name>B</name>
			<styleUrl>#msn_placemark_circle</styleUrl>
			<Polygon>
				<tessellate>1</tessellate>
				<outerBoundaryIs>
					<LinearRing>
						<coordinates>
							84.82115250665575,25.57156254822499,0 84.82114928972622,25.57152358106319,0 84.8212015380312,25.57150459629521,0 84.82120652295026,25.57154760238473,0 84.82115250665575,25.57156254822499,0 
						</coordinates>
					</LinearRing>
				</outerBoundaryIs>
			</Polygon>
		</Placemark>
		<Placemark>
			<name>B</name>
			<styleUrl>#msn_placemark_circle</styleUrl>
			<Polygon>
				<tessellate>1</tessellate>
				<outerBoundaryIs>
					<LinearRing>
						<coordinates>
							84.82109705734389,25.57152067729073,0 84.82106336416997,25.5714122265992,0 84.82114765275352,25.57138748696335,0 84.82115662526815,25.57140940413655,0 84.82113663599156,25.57142121184554,0 84.82115717993801,25.57149516189406,0 84.82109705734389,25.57152067729073,0 
						</coordinates>
					</LinearRing>
				</outerBoundaryIs>
			</Polygon>
		</Placemark>
		<Placemark>
			<name>B</name>
			<styleUrl>#msn_placemark_circle</styleUrl>
			<Polygon>
				<tessellate>1</tessellate>
				<outerBoundaryIs>
					<LinearRing>
						<coordinates>
							84.8211769765487,25.57141735739019,0 84.82113410425157,25.5713005204437,0 84.82123619512959,25.57126990778972,0 84.82128293015299,25.5713861503462,0 84.8211769765487,25.57141735739019,0 
						</coordinates>
					</LinearRing>
				</outerBoundaryIs>
			</Polygon>
		</Placemark>
		<Placemark>
			<name>B</name>
			<styleUrl>#msn_placemark_circle</styleUrl>
			<Polygon>
				<tessellate>1</tessellate>
				<outerBoundaryIs>
					<LinearRing>
						<coordinates>
							84.82118462254049,25.57144837198879,0 84.82117904733536,25.57142583690861,0 84.82122777347642,25.57140536015782,0 84.82123324929712,25.57143427550207,0 84.82118462254049,25.57144837198879,0 
						</coordinates>
					</LinearRing>
				</outerBoundaryIs>
			</Polygon>
		</Placemark>
		<Placemark>
			<name>B</name>
			<styleUrl>#msn_placemark_circle</styleUrl>
			<Polygon>
				<tessellate>1</tessellate>
				<outerBoundaryIs>
					<LinearRing>
						<coordinates>
							84.82124272609958,25.57143311553703,0 84.82123394480912,25.5714053540004,0 84.82127938771896,25.57139031026757,0 84.82128905523201,25.57142164326492,0 84.82124272609958,25.57143311553703,0 
						</coordinates>
					</LinearRing>
				</outerBoundaryIs>
			</Polygon>
		</Placemark>
		<Placemark>
			<name>B</name>
			<styleUrl>#msn_placemark_circle</styleUrl>
			<Polygon>
				<tessellate>1</tessellate>
				<outerBoundaryIs>
					<LinearRing>
						<coordinates>
							84.82125631784629,25.57163335599963,0 84.82121321255957,25.57150989027195,0 84.82127601368563,25.57149952290536,0 84.82128090342546,25.57154240449223,0 84.82135419571593,25.57152722448907,0 84.82136530710851,25.57159320859036,0 84.82125631784629,25.57163335599963,0 
						</coordinates>
					</LinearRing>
				</outerBoundaryIs>
			</Polygon>
		</Placemark>
		<Placemark>
			<name>B</name>
			<styleUrl>#msn_placemark_circle</styleUrl>
			<Polygon>
				<tessellate>1</tessellate>
				<outerBoundaryIs>
					<LinearRing>
						<coordinates>
							84.82129245841125,25.57153285049502,0 84.82125627438612,25.57143861394661,0 84.82132574327755,25.57141653519851,0 84.82136832846275,25.5715169025468,0 84.82129245841125,25.57153285049502,0 
						</coordinates>
					</LinearRing>
				</outerBoundaryIs>
			</Polygon>
		</Placemark>
		<Placemark>
			<name>B</name>
			<styleUrl>#msn_placemark_circle</styleUrl>
			<Polygon>
				<tessellate>1</tessellate>
				<outerBoundaryIs>
					<LinearRing>
						<coordinates>
							84.82118679150344,25.57149582049265,0 84.82116882124397,25.57146023718231,0 84.82124754125989,25.57143425153604,0 84.82125757724292,25.57148315856531,0 84.82118679150344,25.57149582049265,0 
						</coordinates>
					</LinearRing>
				</outerBoundaryIs>
			</Polygon>
		</Placemark>
		<Placemark>
			<name>B</name>
			<styleUrl>#msn_placemark_circle</styleUrl>
			<Polygon>
				<tessellate>1</tessellate>
				<outerBoundaryIs>
					<LinearRing>
						<coordinates>
							84.82060474014624,25.57170742571464,0 84.82064097423385,25.57180144310714,0 84.82060450903353,25.57180869596331,0 84.82057310421906,25.57170501539144,0 84.82060474014624,25.57170742571464,0 
						</coordinates>
					</LinearRing>
				</outerBoundaryIs>
			</Polygon>
		</Placemark>
		<Placemark>
			<name>B</name>
			<styleUrl>#msn_placemark_circle</styleUrl>
			<Polygon>
				<tessellate>1</tessellate>
				<outerBoundaryIs>
					<LinearRing>
						<coordinates>
							84.82056256884962,25.57171150225241,0 84.82059622995436,25.57180837213619,0 84.82057114888636,25.57182978020848,0 84.82053096323747,25.57172078875096,0 84.82056256884962,25.57171150225241,0 
						</coordinates>
					</LinearRing>
				</outerBoundaryIs>
			</Polygon>
		</Placemark>
		<Placemark>
			<name>B</name>
			<styleUrl>#msn_placemark_circle</styleUrl>
			<Polygon>
				<tessellate>1</tessellate>
				<outerBoundaryIs>
					<LinearRing>
						<coordinates>
							84.8205280623758,25.57168200715881,0 84.82053386842829,25.57170545372348,0 84.8204918261689,25.57173089658128,0 84.82048453783196,25.57170624963939,0 84.8205280623758,25.57168200715881,0 
						</coordinates>
					</LinearRing>
				</outerBoundaryIs>
			</Polygon>
		</Placemark>
		<Placemark>
			<name>B</name>
			<styleUrl>#msn_placemark_circle</styleUrl>
			<Polygon>
				<tessellate>1</tessellate>
				<outerBoundaryIs>
					<LinearRing>
						<coordinates>
							84.82051634487532,25.57173398007086,0 84.82055451983099,25.5718320324255,0 84.82053225900769,25.57184891618791,0 84.82048955302255,25.57174885827451,0 84.82051634487532,25.57173398007086,0 
						</coordinates>
					</LinearRing>
				</outerBoundaryIs>
			</Polygon>
		</Placemark>
		<Placemark>
			<name>B</name>
			<styleUrl>#msn_placemark_circle</styleUrl>
			<Polygon>
				<tessellate>1</tessellate>
				<outerBoundaryIs>
					<LinearRing>
						<coordinates>
							84.82058042228687,25.57183280808017,0 84.82059304806899,25.57188879988102,0 84.82056961283318,25.57190148158373,0 84.82055950325379,25.57184127072628,0 84.82058042228687,25.57183280808017,0 
						</coordinates>
					</LinearRing>
				</outerBoundaryIs>
			</Polygon>
		</Placemark>
		<Placemark>
			<name>B</name>
			<styleUrl>#msn_placemark_circle</styleUrl>
			<Polygon>
				<tessellate>1</tessellate>
				<outerBoundaryIs>
					<LinearRing>
						<coordinates>
							84.82106772500136,25.57216390426268,0 84.82103022369947,25.57210944495399,0 84.82104743889293,25.57210182600437,0 84.82108847120854,25.57215496205459,0 84.82106772500136,25.57216390426268,0 
						</coordinates>
					</LinearRing>
				</outerBoundaryIs>
			</Polygon>
		</Placemark>
		<Placemark>
			<name>B</name>
			<styleUrl>#msn_placemark_circle</styleUrl>
			<Polygon>
				<tessellate>1</tessellate>
				<outerBoundaryIs>
					<LinearRing>
						<coordinates>
							84.82131762403995,25.57248437657027,0 84.82126662210949,25.57245671949311,0 84.82128919233884,25.57242839798245,0 84.82132362489543,25.57246437320637,0 84.82131762403995,25.57248437657027,0 
						</coordinates>
					</LinearRing>
				</outerBoundaryIs>
			</Polygon>
		</Placemark>
		<Placemark>
			<name>B</name>
			<styleUrl>#msn_placemark_circle</styleUrl>
			<Polygon>
				<tessellate>1</tessellate>
				<outerBoundaryIs>
					<LinearRing>
						<coordinates>
							84.8215004268577,25.57274679551454,0 84.82146128614067,25.57267767694291,0 84.82146129811807,25.5726762700162,0 84.82152911791223,25.57265237847051,0 84.82153674159986,25.5726783999047,0 84.82151473783212,25.57270446325676,0 84.82153014995775,25.57273338933913,0 84.8215004268577,25.57274679551454,0 
						</coordinates>
					</LinearRing>
				</outerBoundaryIs>
			</Polygon>
		</Placemark>
		<Placemark>
			<name>B</name>
			<styleUrl>#msn_placemark_circle</styleUrl>
			<Polygon>
				<tessellate>1</tessellate>
				<outerBoundaryIs>
					<LinearRing>
						<coordinates>
							84.82153799171122,25.57272774044304,0 84.821520212164,25.57270234823864,0 84.82158121242877,25.57266854774123,0 84.82159665707307,25.57269881990324,0 84.82153799171122,25.57272774044304,0 
						</coordinates>
					</LinearRing>
				</outerBoundaryIs>
			</Polygon>
		</Placemark>
		<Placemark>
			<name>B</name>
			<styleUrl>#msn_placemark_circle</styleUrl>
			<Polygon>
				<tessellate>1</tessellate>
				<outerBoundaryIs>
					<LinearRing>
						<coordinates>
							84.82154376865141,25.57267628826193,0 84.82153382644789,25.57264675744128,0 84.82157525218828,25.57261517494417,0 84.82161164746474,25.57265518850347,0 84.82154376865141,25.57267628826193,0 
						</coordinates>
					</LinearRing>
				</outerBoundaryIs>
			</Polygon>
		</Placemark>
		<Placemark>
			<name>B</name>
			<styleUrl>#msn_placemark_circle</styleUrl>
			<Polygon>
				<tessellate>1</tessellate>
				<outerBoundaryIs>
					<LinearRing>
						<coordinates>
							84.82162162692032,25.57269388684737,0 84.8216037804042,25.57267417513658,0 84.82162648976472,25.57264184024925,0 84.82166222140745,25.57267065665095,0 84.82162162692032,25.57269388684737,0 
						</coordinates>
					</LinearRing>
				</outerBoundaryIs>
			</Polygon>
		</Placemark>
		<Placemark>
			<name>B</name>
			<styleUrl>#msn_placemark_circle</styleUrl>
			<Polygon>
				<tessellate>1</tessellate>
				<outerBoundaryIs>
					<LinearRing>
						<coordinates>
							84.82456935945952,25.57413935552009,0 84.82455620986347,25.57410576594484,0 84.82463997162901,25.57408998997374,0 84.82464864696038,25.57412603333956,0 84.82456935945952,25.57413935552009,0 
						</coordinates>
					</LinearRing>
				</outerBoundaryIs>
			</Polygon>
		</Placemark>
		<Placemark>
			<name>B</name>
			<styleUrl>#msn_placemark_circle</styleUrl>
			<Polygon>
				<tessellate>1</tessellate>
				<outerBoundaryIs>
					<LinearRing>
						<coordinates>
							84.82507090029466,25.57433077903482,0 84.8250618996733,25.57426810775315,0 84.82517628364921,25.57424824372794,0 84.82518557758316,25.5743227950768,0 84.82507090029466,25.57433077903482,0 
						</coordinates>
					</LinearRing>
				</outerBoundaryIs>
			</Polygon>
		</Placemark>
		<Placemark>
			<name>B</name>
			<styleUrl>#msn_placemark_circle</styleUrl>
			<Polygon>
				<tessellate>1</tessellate>
				<outerBoundaryIs>
					<LinearRing>
						<coordinates>
							84.82506027222024,25.57426043931165,0 84.82505104706691,25.574190007534,0 84.82517337122133,25.57418121431209,0 84.82518333822078,25.57424142981021,0 84.82506027222024,25.57426043931165,0 
						</coordinates>
					</LinearRing>
				</outerBoundaryIs>
			</Polygon>
		</Placemark>
		<Placemark>
			<name>B</name>
			<styleUrl>#msn_placemark_circle</styleUrl>
			<Polygon>
				<tessellate>1</tessellate>
				<outerBoundaryIs>
					<LinearRing>
						<coordinates>
							84.82521637286156,25.5741623527601,0 84.82520542890092,25.57404388350517,0 84.82532935655648,25.57402656296355,0 84.82534680732776,25.57414700124212,0 84.82521637286156,25.5741623527601,0 
						</coordinates>
					</LinearRing>
				</outerBoundaryIs>
			</Polygon>
		</Placemark>
		<Placemark>
			<name>B</name>
			<styleUrl>#msn_placemark_circle</styleUrl>
			<Polygon>
				<tessellate>1</tessellate>
				<outerBoundaryIs>
					<LinearRing>
						<coordinates>
							84.82511395414913,25.57410757696637,0 84.82509881433717,25.5740533068367,0 84.82519023239038,25.57404051880334,0 84.82520377257636,25.5741034346422,0 84.82511395414913,25.57410757696637,0 
						</coordinates>
					</LinearRing>
				</outerBoundaryIs>
			</Polygon>
		</Placemark>
		<Placemark>
			<name>B</name>
			<styleUrl>#msn_placemark_circle</styleUrl>
			<Polygon>
				<tessellate>1</tessellate>
				<outerBoundaryIs>
					<LinearRing>
						<coordinates>
							84.82681997920139,25.57665279842898,0 84.82677298037419,25.57648175811613,0 84.82693262680068,25.5764379266687,0 84.82697001352058,25.57661336447848,0 84.82681997920139,25.57665279842898,0 
						</coordinates>
					</LinearRing>
				</outerBoundaryIs>
			</Polygon>
		</Placemark>
		<Placemark>
			<name>B</name>
			<styleUrl>#msn_placemark_circle</styleUrl>
			<Polygon>
				<tessellate>1</tessellate>
				<outerBoundaryIs>
					<LinearRing>
						<coordinates>
							84.82695039305798,25.57649671902918,0 84.8269309217654,25.5763187331104,0 84.82707141449286,25.57629020195198,0 84.82709431315985,25.5764819411595,0 84.82695039305798,25.57649671902918,0 
						</coordinates>
					</LinearRing>
				</outerBoundaryIs>
			</Polygon>
		</Placemark>
		<Placemark>
			<name>B</name>
			<styleUrl>#msn_placemark_circle</styleUrl>
			<Polygon>
				<tessellate>1</tessellate>
				<outerBoundaryIs>
					<LinearRing>
						<coordinates>
							84.82769003215192,25.57749674047806,0 84.82768672117211,25.57749507569194,0 84.82766223425281,25.57732902908197,0 84.8278747499229,25.57726691148703,0 84.82789892009929,25.57745341147201,0 84.82769003215192,25.57749674047806,0 
						</coordinates>
					</LinearRing>
				</outerBoundaryIs>
			</Polygon>
		</Placemark>
		<Placemark>
			<name>B</name>
			<styleUrl>#msn_placemark_circle</styleUrl>
			<Polygon>
				<tessellate>1</tessellate>
				<outerBoundaryIs>
					<LinearRing>
						<coordinates>
							84.82793114231218,25.57749889468892,0 84.82790768404266,25.5773749506692,0 84.82795567468921,25.5773662488949,0 84.82797773324995,25.57750124440853,0 84.82793114231218,25.57749889468892,0 
						</coordinates>
					</LinearRing>
				</outerBoundaryIs>
			</Polygon>
		</Placemark>
		<Placemark>
			<name>B</name>
			<styleUrl>#msn_placemark_circle</styleUrl>
			<Polygon>
				<tessellate>1</tessellate>
				<outerBoundaryIs>
					<LinearRing>
						<coordinates>
							84.82770816576858,25.57835084783859,0 84.82768641796724,25.57824426192074,0 84.82774671375105,25.57822856387595,0 84.82778247731831,25.57833790116512,0 84.82770816576858,25.57835084783859,0 
						</coordinates>
					</LinearRing>
				</outerBoundaryIs>
			</Polygon>
		</Placemark>
		<Placemark>
			<name>TEMPLE</name>
			<styleUrl>#msn_placemark_circle</styleUrl>
			<Polygon>
				<tessellate>1</tessellate>
				<outerBoundaryIs>
					<LinearRing>
						<coordinates>
							84.82830029077851,25.58021457017025,0 84.82826726806326,25.5801404834629,0 84.82834942180963,25.58010453203301,0 84.82839389467399,25.58017922850141,0 84.82830029077851,25.58021457017025,0 
						</coordinates>
					</LinearRing>
				</outerBoundaryIs>
			</Polygon>
		</Placemark>
		<Placemark>
			<name>B</name>
			<styleUrl>#msn_placemark_circle</styleUrl>
			<Polygon>
				<tessellate>1</tessellate>
				<outerBoundaryIs>
					<LinearRing>
						<coordinates>
							84.83125055811726,25.58324501175527,0 84.83122663942484,25.58308822367023,0 84.83141168343047,25.5830726740575,0 84.831416602852,25.58324892471731,0 84.83125055811726,25.58324501175527,0 
						</coordinates>
					</LinearRing>
				</outerBoundaryIs>
			</Polygon>
		</Placemark>
		<Placemark>
			<name>B</name>
			<styleUrl>#msn_placemark_circle</styleUrl>
			<Polygon>
				<tessellate>1</tessellate>
				<outerBoundaryIs>
					<LinearRing>
						<coordinates>
							84.83272255574511,25.58818325785705,0 84.83273663785791,25.58799733437976,0 84.83302316093945,25.58798446931543,0 84.83300277071223,25.58820441093717,0 84.83272255574511,25.58818325785705,0 
						</coordinates>
					</LinearRing>
				</outerBoundaryIs>
			</Polygon>
		</Placemark>
		<Placemark>
			<name>B</name>
			<styleUrl>#msn_placemark_circle</styleUrl>
			<Polygon>
				<tessellate>1</tessellate>
				<outerBoundaryIs>
					<LinearRing>
						<coordinates>
							84.83402364899311,25.58793713180941,0 84.83400213352205,25.58787685316374,0 84.83405180102932,25.58786256125545,0 84.83405696217218,25.58792332503968,0 84.83402364899311,25.58793713180941,0 
						</coordinates>
					</LinearRing>
				</outerBoundaryIs>
			</Polygon>
		</Placemark>
		<Placemark>
			<name>B</name>
			<styleUrl>#msn_placemark_circle</styleUrl>
			<Polygon>
				<tessellate>1</tessellate>
				<outerBoundaryIs>
					<LinearRing>
						<coordinates>
							84.83406942519434,25.58790185166233,0 84.83405462390323,25.58784280465592,0 84.83416324543226,25.5878344410499,0 84.83416679600656,25.58788354262242,0 84.83406942519434,25.58790185166233,0 
						</coordinates>
					</LinearRing>
				</outerBoundaryIs>
			</Polygon>
		</Placemark>
		<Placemark>
			<name>TEMPLE</name>
			<styleUrl>#msn_placemark_circle</styleUrl>
			<Polygon>
				<tessellate>1</tessellate>
				<outerBoundaryIs>
					<LinearRing>
						<coordinates>
							84.83449453251338,25.58923425967029,0 84.83445511373294,25.58918248272627,0 84.83436907568189,25.58910554703098,0 84.8344502870889,25.58906244136426,0 84.83455749732471,25.58921008065126,0 84.83449453251338,25.58923425967029,0 
						</coordinates>
					</LinearRing>
				</outerBoundaryIs>
			</Polygon>
		</Placemark>
		<Placemark>
			<name>B</name>
			<styleUrl>#msn_placemark_circle</styleUrl>
			<Polygon>
				<tessellate>1</tessellate>
				<outerBoundaryIs>
					<LinearRing>
						<coordinates>
							84.83442078095706,25.58975612015997,0 84.83437661842814,25.58965616680902,0 84.83437996484736,25.58965313613126,0 84.83449100493939,25.58960152698705,0 84.83453479101925,25.58969721307937,0 84.83442078095706,25.58975612015997,0 
						</coordinates>
					</LinearRing>
				</outerBoundaryIs>
			</Polygon>
		</Placemark>
		<Placemark>
			<name>B</name>
			<styleUrl>#msn_placemark_circle</styleUrl>
			<Polygon>
				<tessellate>1</tessellate>
				<outerBoundaryIs>
					<LinearRing>
						<coordinates>
							84.84263430919663,25.59302802605117,0 84.84262266153304,25.59285686340155,0 84.84272757762001,25.59286423713365,0 84.84273869253099,25.59300166088781,0 84.84263430919663,25.59302802605117,0 
						</coordinates>
					</LinearRing>
				</outerBoundaryIs>
			</Polygon>
		</Placemark>
		<Placemark>
			<name>B</name>
			<styleUrl>#msn_placemark_circle</styleUrl>
			<Polygon>
				<tessellate>1</tessellate>
				<outerBoundaryIs>
					<LinearRing>
						<coordinates>
							84.84262813620239,25.59283858460002,0 84.84263354064227,25.59271243856655,0 84.8427367203947,25.59271209470901,0 84.84274410356815,25.5928412276405,0 84.84262813620239,25.59283858460002,0 
						</coordinates>
					</LinearRing>
				</outerBoundaryIs>
			</Polygon>
		</Placemark>
		<Placemark>
			<name>BV</name>
			<styleUrl>#msn_placemark_circle</styleUrl>
			<Polygon>
				<tessellate>1</tessellate>
				<outerBoundaryIs>
					<LinearRing>
						<coordinates>
							84.84276978472401,25.59279847550916,0 84.84274405662254,25.59262947629012,0 84.84293633900225,25.59259084021323,0 84.84294168178211,25.59278291063668,0 84.84276978472401,25.59279847550916,0 
						</coordinates>
					</LinearRing>
				</outerBoundaryIs>
			</Polygon>
		</Placemark>
		<Placemark>
			<name>B</name>
			<styleUrl>#msn_placemark_circle</styleUrl>
			<Polygon>
				<tessellate>1</tessellate>
				<outerBoundaryIs>
					<LinearRing>
						<coordinates>
							84.84341495048091,25.59341351146409,0 84.84334758551395,25.59318632026603,0 84.84345418509676,25.59314542720364,0 84.84349025575585,25.59338566509846,0 84.84341495048091,25.59341351146409,0 
						</coordinates>
					</LinearRing>
				</outerBoundaryIs>
			</Polygon>
		</Placemark>
		<Placemark>
			<name>B</name>
			<styleUrl>#msn_placemark_circle</styleUrl>
			<Polygon>
				<tessellate>1</tessellate>
				<outerBoundaryIs>
					<LinearRing>
						<coordinates>
							84.84353442360424,25.59316525085148,0 84.84351679846459,25.59302446893468,0 84.843622343889,25.59301350803912,0 84.84364699365939,25.59312920364518,0 84.84353442360424,25.59316525085148,0 
						</coordinates>
					</LinearRing>
				</outerBoundaryIs>
			</Polygon>
		</Placemark>
		<Placemark>
			<name>B</name>
			<styleUrl>#msn_placemark_circle</styleUrl>
			<Polygon>
				<tessellate>1</tessellate>
				<outerBoundaryIs>
					<LinearRing>
						<coordinates>
							84.84350319742128,25.59326871811945,0 84.84364764770783,25.5932512081952,0 84.84366538892036,25.59337972676197,0 84.84365950770801,25.59338102160285,0 84.84352423854011,25.59341264771756,0 84.84350319742128,25.59326871811945,0 
						</coordinates>
					</LinearRing>
				</outerBoundaryIs>
			</Polygon>
		</Placemark>
		<Placemark>
			<name>B</name>
			<styleUrl>#msn_placemark_circle</styleUrl>
			<Polygon>
				<tessellate>1</tessellate>
				<outerBoundaryIs>
					<LinearRing>
						<coordinates>
							84.84365065020835,25.5933968620686,0 84.84365056093991,25.59346680954414,0 84.84349933844159,25.59349618588096,0 84.84349882282638,25.59350029591761,0 84.84349430494369,25.59343251303404,0 84.84365065020835,25.5933968620686,0 
						</coordinates>
					</LinearRing>
				</outerBoundaryIs>
			</Polygon>
		</Placemark>
		<Placemark>
			<name>BV</name>
			<styleUrl>#msn_placemark_circle</styleUrl>
			<Polygon>
				<tessellate>1</tessellate>
				<outerBoundaryIs>
					<LinearRing>
						<coordinates>
							84.84352719398784,25.59351563813234,0 84.84366799574737,25.59348356313353,0 84.84368023501479,25.59361979695836,0 84.84363992990765,25.59363744232787,0 84.84357978326764,25.59356681273917,0 84.84354960231249,25.59356659542451,0 84.84352719398784,25.59351563813234,0 
						</coordinates>
					</LinearRing>
				</outerBoundaryIs>
			</Polygon>
		</Placemark>
		<Placemark>
			<name>TEMPLE</name>
			<styleUrl>#msn_placemark_circle</styleUrl>
			<Polygon>
				<tessellate>1</tessellate>
				<outerBoundaryIs>
					<LinearRing>
						<coordinates>
							84.84440599327399,25.59467688293307,0 84.84441909565138,25.59464886071848,0 84.84445153437699,25.59464149160014,0 84.84447740363704,25.59464348071788,0 84.84452392579712,25.59464273135973,0 84.8445706576136,25.59466814616741,0 84.84458181936598,25.5946889542398,0 84.84457810142514,25.59470303789049,0 84.84456918484177,25.59473386315722,0 84.84451071178853,25.59474502998637,0 84.84441353109794,25.59471150466684,0 84.84440599327399,25.59467688293307,0 
						</coordinates>
					</LinearRing>
				</outerBoundaryIs>
			</Polygon>
		</Placemark>
		<Placemark>
			<name>SCHOOL</name>
			<styleUrl>#msn_placemark_circle</styleUrl>
			<Polygon>
				<tessellate>1</tessellate>
				<outerBoundaryIs>
					<LinearRing>
						<coordinates>
							84.84720420924018,25.59567102465736,0 84.84714660340541,25.59529853423889,0 84.84710898446953,25.59501160187297,0 84.84736430531849,25.59496321037812,0 84.847474901026,25.59563445001505,0 84.84720420924018,25.59567102465736,0 
						</coordinates>
					</LinearRing>
				</outerBoundaryIs>
			</Polygon>
		</Placemark>
		<Placemark>
			<name>B</name>
			<styleUrl>#msn_placemark_circle</styleUrl>
			<Polygon>
				<tessellate>1</tessellate>
				<outerBoundaryIs>
					<LinearRing>
						<coordinates>
							84.85213747261656,25.59821898123388,0 84.85208679324538,25.59813593386763,0 84.85226159405501,25.59806185245171,0 84.85230254827482,25.59814629341553,0 84.85213747261656,25.59821898123388,0 
						</coordinates>
					</LinearRing>
				</outerBoundaryIs>
			</Polygon>
		</Placemark>
		<Placemark>
			<name>B</name>
			<styleUrl>#msn_placemark_circle</styleUrl>
			<Polygon>
				<tessellate>1</tessellate>
				<outerBoundaryIs>
					<LinearRing>
						<coordinates>
							84.85199070624087,25.59824690332836,0 84.85197104532423,25.59820483725183,0 84.85206701867554,25.59815264202265,0 84.85208923741453,25.59820467753238,0 84.85199070624087,25.59824690332836,0 
						</coordinates>
					</LinearRing>
				</outerBoundaryIs>
			</Polygon>
		</Placemark>
		<Placemark>
			<name>B</name>
			<styleUrl>#msn_placemark_circle</styleUrl>
			<Polygon>
				<tessellate>1</tessellate>
				<outerBoundaryIs>
					<LinearRing>
						<coordinates>
							84.85118074068836,25.59868879394508,0 84.85115565052537,25.59861974608055,0 84.85123789966234,25.59858215186493,0 84.85125415589071,25.5986575026375,0 84.85118074068836,25.59868879394508,0 
						</coordinates>
					</LinearRing>
				</outerBoundaryIs>
			</Polygon>
		</Placemark>
		<Placemark>
			<name>B</name>
			<styleUrl>#msn_placemark_circle</styleUrl>
			<Polygon>
				<tessellate>1</tessellate>
				<outerBoundaryIs>
					<LinearRing>
						<coordinates>
							84.85241870401009,25.59856095174925,0 84.85235891969729,25.59843093923979,0 84.85254714232478,25.59837145031105,0 84.85260820900955,25.59850067577385,0 84.85241870401009,25.59856095174925,0 
						</coordinates>
					</LinearRing>
				</outerBoundaryIs>
			</Polygon>
		</Placemark>
		<Placemark>
			<name>TEMPLE</name>
			<styleUrl>#msn_placemark_circle</styleUrl>
			<Polygon>
				<tessellate>1</tessellate>
				<outerBoundaryIs>
					<LinearRing>
						<coordinates>
							84.85336486731224,25.60030456889614,0 84.85333321240502,25.60025339150856,0 84.85338443493438,25.60023467795264,0 84.8534149792365,25.60028981200694,0 84.85336486731224,25.60030456889614,0 
						</coordinates>
					</LinearRing>
				</outerBoundaryIs>
			</Polygon>
		</Placemark>
		<Placemark>
			<name>TEMPLE</name>
			<styleUrl>#msn_placemark_circle</styleUrl>
			<Polygon>
				<tessellate>1</tessellate>
				<outerBoundaryIs>
					<LinearRing>
						<coordinates>
							84.85325495840442,25.60046762732166,0 84.85325277735566,25.6004646828056,0 84.85324841452999,25.60045781178524,0 84.85324622806921,25.60045585013952,0 84.85319807059712,25.60038217709682,0 84.85336159462953,25.60029965052674,0 84.85343460005815,25.60040478970117,0 84.85325495840442,25.60046762732166,0 
						</coordinates>
					</LinearRing>
				</outerBoundaryIs>
			</Polygon>
		</Placemark>
		<Placemark>
			<name>B</name>
			<styleUrl>#msn_placemark_circle</styleUrl>
			<Polygon>
				<tessellate>1</tessellate>
				<outerBoundaryIs>
					<LinearRing>
						<coordinates>
							84.85476278146906,25.60161835716041,0 84.85467994533474,25.60144125047534,0 84.8547815604602,25.60139646614398,0 84.85485836072884,25.60155525722191,0 84.85476278146906,25.60161835716041,0 
						</coordinates>
					</LinearRing>
				</outerBoundaryIs>
			</Polygon>
		</Placemark>
		<Placemark>
			<name>B</name>
			<styleUrl>#msn_placemark_circle</styleUrl>
			<Polygon>
				<tessellate>1</tessellate>
				<outerBoundaryIs>
					<LinearRing>
						<coordinates>
							84.85558318009784,25.60229233181004,0 84.85565413369162,25.60239734619037,0 84.85548552789305,25.60251131353733,0 84.85541733717376,25.60241684538599,0 84.85558318009784,25.60229233181004,0 
						</coordinates>
					</LinearRing>
				</outerBoundaryIs>
			</Polygon>
		</Placemark>
		<Placemark>
			<name>TEMPLE</name>
			<styleUrl>#msn_placemark_circle</styleUrl>
			<Polygon>
				<tessellate>1</tessellate>
				<outerBoundaryIs>
					<LinearRing>
						<coordinates>
							84.85600815212868,25.60446608746648,0 84.85626790296931,25.60446888452653,0 84.85636868700979,25.60469433831004,0 84.85630228943775,25.60474642593261,0 84.85613783063479,25.6048205809276,0 84.85597857669211,25.60452799913445,0 84.85600815212868,25.60446608746648,0 
						</coordinates>
					</LinearRing>
				</outerBoundaryIs>
			</Polygon>
		</Placemark>
		<Placemark>
			<name>B</name>
			<styleUrl>#msn_placemark_circle</styleUrl>
			<Polygon>
				<tessellate>1</tessellate>
				<outerBoundaryIs>
					<LinearRing>
						<coordinates>
							84.8573085293676,25.6050594993886,0 84.85735486332241,25.60518991889063,0 84.85715522875412,25.60523660244081,0 84.85712455884683,25.60511549763029,0 84.8573085293676,25.6050594993886,0 
						</coordinates>
					</LinearRing>
				</outerBoundaryIs>
			</Polygon>
		</Placemark>
		<Placemark>
			<name>TEMPLE</name>
			<styleUrl>#msn_placemark_circle</styleUrl>
			<Polygon>
				<tessellate>1</tessellate>
				<outerBoundaryIs>
					<LinearRing>
						<coordinates>
							84.85767009830623,25.6069710287517,0 84.85766930295713,25.60697388879881,0 84.85766771585853,25.60697747035103,0 84.85766612955437,25.60698033961449,0 84.8576637505066,25.60698393138009,0 84.85766137179434,25.60698681069346,0 84.85765740923435,25.60698970665615,0 84.85765423409096,25.60699331175574,0 84.8576518528141,25.60699548063982,0 84.85764946863051,25.60699836586255,0 84.85764708133841,25.60700196818015,0 84.85764310527296,25.60700559192231,0 84.85764071960689,25.60700705275129,0 84.85763754125902,25.60700780632676,0 84.85763436399563,25.60700784304947,0 84.85762959565355,25.60700789815499,0 84.85762641515812,25.60700793493125,0 84.8576208461635,25.60700799934069,0 84.85761766510329,25.6070073182137,0 84.8576136832941,25.607007364074,0 84.85760970593611,25.60700597347396,0 84.85760493639783,25.607003154723,0 84.85760255785293,25.6070003084809,0 84.857600179104,25.60699746192227,0 84.85759859434643,25.60699532473362,0 84.85759702033343,25.60699103343305,0 84.85759703113897,25.60698887974312,0 84.85759704556365,25.60698600873946,0 84.85759706358016,25.60698242086116,0 84.85759707799635,25.60697955129681,0 84.85759709599049,25.60697596523325,0 84.85759711400181,25.60697238012611,0 84.85759872599688,25.60696878165092,0 84.85760033367835,25.60696590129854,0 84.85760114773717,25.60696231290852,0 84.85760195401851,25.60696015834206,0 84.85760355765154,25.6069572840048,0 84.8576171047259,25.60694860479026,0 84.85761948674961,25.60694858763348,0 84.85762266172215,25.6069485648057,0 84.85762742193924,25.60694853056985,0 84.85763059390062,25.60694850775503,0 84.85763455718576,25.60694847926147,0 84.85764010050846,25.60694915279688,0 84.85765434194772,25.60694976259665,0 84.85765592307089,25.60694975109553,0 84.85765828417597,25.60695401060494,0 84.857663006468,25.60696252975379,0 84.85767009830623,25.6069710287517,0 
						</coordinates>
					</LinearRing>
				</outerBoundaryIs>
			</Polygon>
		</Placemark>
		<Placemark>
			<name>B</name>
			<styleUrl>#msn_placemark_circle</styleUrl>
			<Polygon>
				<tessellate>1</tessellate>
				<outerBoundaryIs>
					<LinearRing>
						<coordinates>
							84.85770964263679,25.6090360529358,0 84.85771088753152,25.60897000061727,0 84.85794482221338,25.60896612192639,0 84.8579513857506,25.60904126540321,0 84.85770964263679,25.6090360529358,0 
						</coordinates>
					</LinearRing>
				</outerBoundaryIs>
			</Polygon>
		</Placemark>
		<Placemark>
			<name>B</name>
			<styleUrl>#msn_placemark_circle</styleUrl>
			<Polygon>
				<tessellate>1</tessellate>
				<outerBoundaryIs>
					<LinearRing>
						<coordinates>
							84.8577812037377,25.60910949782668,0 84.85778120838793,25.60905248451735,0 84.85795093132761,25.60904795293168,0 84.85794297760238,25.60910089660093,0 84.8577812037377,25.60910949782668,0 
						</coordinates>
					</LinearRing>
				</outerBoundaryIs>
			</Polygon>
		</Placemark>
		<Placemark>
			<name>B</name>
			<styleUrl>#msn_placemark_circle</styleUrl>
			<Polygon>
				<tessellate>1</tessellate>
				<outerBoundaryIs>
					<LinearRing>
						<coordinates>
							84.85776784161371,25.60924704627608,0 84.85777273798108,25.60912568837882,0 84.85790496284382,25.60912213423595,0 84.85790377737101,25.60925383443455,0 84.85776784161371,25.60924704627608,0 
						</coordinates>
					</LinearRing>
				</outerBoundaryIs>
			</Polygon>
		</Placemark>
		<Placemark>
			<name>B</name>
			<styleUrl>#msn_placemark_circle</styleUrl>
			<Polygon>
				<tessellate>1</tessellate>
				<outerBoundaryIs>
					<LinearRing>
						<coordinates>
							84.85765086295595,25.60924752774583,0 84.8576601214326,25.60911658221566,0 84.85772242378091,25.60911423381572,0 84.85771914927891,25.60924938619622,0 84.85765086295595,25.60924752774583,0 
						</coordinates>
					</LinearRing>
				</outerBoundaryIs>
			</Polygon>
		</Placemark>
		<Placemark>
			<name>B</name>
			<styleUrl>#msn_placemark_circle</styleUrl>
			<Polygon>
				<tessellate>1</tessellate>
				<outerBoundaryIs>
					<LinearRing>
						<coordinates>
							84.85770002138206,25.60942304857448,0 84.85769745533487,25.60932408604521,0 84.85785276739054,25.60932403328237,0 84.85785964236601,25.60942514662317,0 84.85770002138206,25.60942304857448,0 
						</coordinates>
					</LinearRing>
				</outerBoundaryIs>
			</Polygon>
		</Placemark>
		<Placemark>
			<name>B</name>
			<styleUrl>#msn_placemark_circle</styleUrl>
			<Polygon>
				<tessellate>1</tessellate>
				<outerBoundaryIs>
					<LinearRing>
						<coordinates>
							84.85771260495113,25.60953467981291,0 84.85770918269867,25.60948311838433,0 84.85785369236007,25.60949121432494,0 84.85785283845074,25.60953083566713,0 84.85771260495113,25.60953467981291,0 
						</coordinates>
					</LinearRing>
				</outerBoundaryIs>
			</Polygon>
		</Placemark>
		<Placemark>
			<name>B</name>
			<styleUrl>#msn_placemark_circle</styleUrl>
			<Polygon>
				<tessellate>1</tessellate>
				<outerBoundaryIs>
					<LinearRing>
						<coordinates>
							84.85786079589724,25.60954209319501,0 84.85785988380208,25.60947967886327,0 84.85799227961567,25.60948700731245,0 84.85798642904965,25.60954496441342,0 84.85786079589724,25.60954209319501,0 
						</coordinates>
					</LinearRing>
				</outerBoundaryIs>
			</Polygon>
		</Placemark>
		<Placemark>
			<name>B</name>
			<styleUrl>#msn_placemark_circle</styleUrl>
			<Polygon>
				<tessellate>1</tessellate>
				<outerBoundaryIs>
					<LinearRing>
						<coordinates>
							84.85799833556329,25.60953909406654,0 84.85799501568003,25.60947467278763,0 84.85812823924036,25.60947205155104,0 84.85813777146936,25.60953128894494,0 84.85799833556329,25.60953909406654,0 
						</coordinates>
					</LinearRing>
				</outerBoundaryIs>
			</Polygon>
		</Placemark>
		<Placemark>
			<name>B</name>
			<styleUrl>#msn_placemark_circle</styleUrl>
			<Polygon>
				<tessellate>1</tessellate>
				<outerBoundaryIs>
					<LinearRing>
						<coordinates>
							84.85789750391471,25.60940965252081,0 84.8578974087076,25.60934212067735,0 84.85813879059384,25.60933918919693,0 84.8581524386442,25.60941296033075,0 84.85789750391471,25.60940965252081,0 
						</coordinates>
					</LinearRing>
				</outerBoundaryIs>
			</Polygon>
		</Placemark>
		<Placemark>
			<name>B</name>
			<styleUrl>#msn_placemark_circle</styleUrl>
			<Polygon>
				<tessellate>1</tessellate>
				<outerBoundaryIs>
					<LinearRing>
						<coordinates>
							84.85805660460069,25.60924740885882,0 84.85805203645661,25.60921227961408,0 84.8581574610151,25.60920396033353,0 84.85816563442569,25.60924620531178,0 84.85805660460069,25.60924740885882,0 
						</coordinates>
					</LinearRing>
				</outerBoundaryIs>
			</Polygon>
		</Placemark>
		<Placemark>
			<name>B</name>
			<styleUrl>#msn_placemark_circle</styleUrl>
			<Polygon>
				<tessellate>1</tessellate>
				<outerBoundaryIs>
					<LinearRing>
						<coordinates>
							84.85758897449182,25.60953384374671,0 84.85758460738634,25.6094793111121,0 84.85768534689194,25.60947837560009,0 84.85768468047436,25.60952980811815,0 84.85758897449182,25.60953384374671,0 
						</coordinates>
					</LinearRing>
				</outerBoundaryIs>
			</Polygon>
		</Placemark>
		<Placemark>
			<name>B</name>
			<styleUrl>#msn_placemark_circle</styleUrl>
			<Polygon>
				<tessellate>1</tessellate>
				<outerBoundaryIs>
					<LinearRing>
						<coordinates>
							84.8576250375134,25.60947235803738,0 84.85762139622888,25.60942907673741,0 84.85772575532795,25.60943592309932,0 84.85773309309009,25.60947648161865,0 84.8576250375134,25.60947235803738,0 
						</coordinates>
					</LinearRing>
				</outerBoundaryIs>
			</Polygon>
		</Placemark>
		<Placemark>
			<name>B</name>
			<styleUrl>#msn_placemark_circle</styleUrl>
			<Polygon>
				<tessellate>1</tessellate>
				<outerBoundaryIs>
					<LinearRing>
						<coordinates>
							84.8576689588225,25.60971312652869,0 84.85766897855964,25.60967790696135,0 84.85781476102359,25.60966813883594,0 84.8578210737392,25.60972107391361,0 84.8576689588225,25.60971312652869,0 
						</coordinates>
					</LinearRing>
				</outerBoundaryIs>
			</Polygon>
		</Placemark>
		<Placemark>
			<name>B</name>
			<styleUrl>#msn_placemark_circle</styleUrl>
			<Polygon>
				<tessellate>1</tessellate>
				<outerBoundaryIs>
					<LinearRing>
						<coordinates>
							84.85763793534575,25.6097717600601,0 84.85763385431888,25.60972256139883,0 84.85782520633526,25.60971455635193,0 84.85782011266227,25.60976014632529,0 84.85763793534575,25.6097717600601,0 
						</coordinates>
					</LinearRing>
				</outerBoundaryIs>
			</Polygon>
		</Placemark>
		<Placemark>
			<name>B</name>
			<styleUrl>#msn_placemark_circle</styleUrl>
			<Polygon>
				<tessellate>1</tessellate>
				<outerBoundaryIs>
					<LinearRing>
						<coordinates>
							84.85750592303697,25.60981489743419,0 84.85750807015066,25.6097637998252,0 84.85756581176011,25.60976374932525,0 84.85756367177966,25.60981111418038,0 84.85750592303697,25.60981489743419,0 
						</coordinates>
					</LinearRing>
				</outerBoundaryIs>
			</Polygon>
		</Placemark>
		<Placemark>
			<name>B</name>
			<styleUrl>#msn_placemark_circle</styleUrl>
			<Polygon>
				<tessellate>1</tessellate>
				<outerBoundaryIs>
					<LinearRing>
						<coordinates>
							84.85763146617802,25.60988790275498,0 84.85763352202382,25.60982495088096,0 84.85781636967009,25.60981279991269,0 84.85782339853522,25.60987584263995,0 84.85763146617802,25.60988790275498,0 
						</coordinates>
					</LinearRing>
				</outerBoundaryIs>
			</Polygon>
		</Placemark>
		<Placemark>
			<name>B</name>
			<styleUrl>#msn_placemark_circle</styleUrl>
			<Polygon>
				<tessellate>1</tessellate>
				<outerBoundaryIs>
					<LinearRing>
						<coordinates>
							84.8576396853263,25.61005792381686,0 84.85762852039021,25.60992550049258,0 84.85780075022461,25.60991436363028,0 84.85780946081688,25.60993925490445,0 84.85784000603218,25.60994011817148,0 84.85785577979459,25.61001512602425,0 84.8578232521418,25.610021154254,0 84.85782239955212,25.61004623469861,0 84.8576396853263,25.61005792381686,0 
						</coordinates>
					</LinearRing>
				</outerBoundaryIs>
			</Polygon>
		</Placemark>
		<Placemark>
			<name>B</name>
			<styleUrl>#msn_placemark_circle</styleUrl>
			<Polygon>
				<tessellate>1</tessellate>
				<outerBoundaryIs>
					<LinearRing>
						<coordinates>
							84.85762831459489,25.61015074247208,0 84.85762528228223,25.61006368517349,0 84.85783293403775,25.61004162630651,0 84.8578241446415,25.61013938143311,0 84.85762831459489,25.61015074247208,0 
						</coordinates>
					</LinearRing>
				</outerBoundaryIs>
			</Polygon>
		</Placemark>
		<Placemark>
			<name>B</name>
			<styleUrl>#msn_placemark_circle</styleUrl>
			<Polygon>
				<tessellate>1</tessellate>
				<outerBoundaryIs>
					<LinearRing>
						<coordinates>
							84.85751224322132,25.6099425794294,0 84.85751357937599,25.6098244265949,0 84.8575891942626,25.60981669096575,0 84.8575749077775,25.60993403974082,0 84.85751224322132,25.6099425794294,0 
						</coordinates>
					</LinearRing>
				</outerBoundaryIs>
			</Polygon>
		</Placemark>
		<Placemark>
			<name>B</name>
			<styleUrl>#msn_placemark_circle</styleUrl>
			<Polygon>
				<tessellate>1</tessellate>
				<outerBoundaryIs>
					<LinearRing>
						<coordinates>
							84.85756709767976,25.61014660943498,0 84.8575593162162,25.61010795539283,0 84.85761091348436,25.6101046704657,0 84.8576235847294,25.6101502750709,0 84.85756709767976,25.61014660943498,0 
						</coordinates>
					</LinearRing>
				</outerBoundaryIs>
			</Polygon>
		</Placemark>
		<Placemark>
			<name>B</name>
			<styleUrl>#msn_placemark_circle</styleUrl>
			<Polygon>
				<tessellate>1</tessellate>
				<outerBoundaryIs>
					<LinearRing>
						<coordinates>
							84.85757955855449,25.6101950178289,0 84.85766015757662,25.61019425541787,0 84.85776465507683,25.61018741006969,0 84.85775700868142,25.61029183936689,0 84.85756926323211,25.61028516124002,0 84.85757955855449,25.6101950178289,0 
						</coordinates>
					</LinearRing>
				</outerBoundaryIs>
			</Polygon>
		</Placemark>
		<Placemark>
			<name>B</name>
			<styleUrl>#msn_placemark_circle</styleUrl>
			<Polygon>
				<tessellate>1</tessellate>
				<outerBoundaryIs>
					<LinearRing>
						<coordinates>
							84.85754316975809,25.61039292110141,0 84.85754709350982,25.61029281530062,0 84.85776982624739,25.61030275151542,0 84.85775794080305,25.61039321967998,0 84.85754316975809,25.61039292110141,0 
						</coordinates>
					</LinearRing>
				</outerBoundaryIs>
			</Polygon>
		</Placemark>
		<Placemark>
			<name>B</name>
			<styleUrl>#msn_placemark_circle</styleUrl>
			<Polygon>
				<tessellate>1</tessellate>
				<outerBoundaryIs>
					<LinearRing>
						<coordinates>
							84.85751638098763,25.61053574352618,0 84.85752944259025,25.61039763011362,0 84.85764005630143,25.61040462559298,0 84.85763396516123,25.61053768973894,0 84.85751638098763,25.61053574352618,0 
						</coordinates>
					</LinearRing>
				</outerBoundaryIs>
			</Polygon>
		</Placemark>
		<Placemark>
			<name>B</name>
			<styleUrl>#msn_placemark_circle</styleUrl>
			<Polygon>
				<tessellate>1</tessellate>
				<outerBoundaryIs>
					<LinearRing>
						<coordinates>
							84.8576455378584,25.61053697355042,0 84.85764709551965,25.61040467079865,0 84.857766134033,25.61039802034421,0 84.85775298885943,25.61054344750977,0 84.8576455378584,25.61053697355042,0 
						</coordinates>
					</LinearRing>
				</outerBoundaryIs>
			</Polygon>
		</Placemark>
		<Placemark>
			<name>B</name>
			<styleUrl>#msn_placemark_circle</styleUrl>
			<Polygon>
				<tessellate>1</tessellate>
				<outerBoundaryIs>
					<LinearRing>
						<coordinates>
							84.85738449877788,25.61049040749221,0 84.85739685702822,25.61035008799111,0 84.85752470617733,25.61034409433459,0 84.85749072391886,25.61049584110942,0 84.85738449877788,25.61049040749221,0 
						</coordinates>
					</LinearRing>
				</outerBoundaryIs>
			</Polygon>
		</Placemark>
		<Placemark>
			<name>B</name>
			<styleUrl>#msn_placemark_circle</styleUrl>
			<Polygon>
				<tessellate>1</tessellate>
				<outerBoundaryIs>
					<LinearRing>
						<coordinates>
							84.8571987540964,25.61116071288514,0 84.85719128994886,25.61109249376209,0 84.85739614781903,25.61108149506281,0 84.85739481807501,25.61117293825999,0 84.8571987540964,25.61116071288514,0 
						</coordinates>
					</LinearRing>
				</outerBoundaryIs>
			</Polygon>
		</Placemark>
		<Placemark>
			<name>B</name>
			<styleUrl>#msn_placemark_circle</styleUrl>
			<Polygon>
				<tessellate>1</tessellate>
				<outerBoundaryIs>
					<LinearRing>
						<coordinates>
							84.85719556708237,25.61126262176511,0 84.85720393874351,25.61119014128144,0 84.85737535902577,25.61119977656811,0 84.8573638163884,25.61126833611886,0 84.85719556708237,25.61126262176511,0 
						</coordinates>
					</LinearRing>
				</outerBoundaryIs>
			</Polygon>
		</Placemark>
		<Placemark>
			<name>B</name>
			<styleUrl>#msn_placemark_circle</styleUrl>
			<Polygon>
				<tessellate>1</tessellate>
				<outerBoundaryIs>
					<LinearRing>
						<coordinates>
							84.85709025822712,25.61166883131404,0 84.85709064225746,25.6116027675859,0 84.85721467881041,25.61160425012639,0 84.85722328064226,25.61166546517797,0 84.85709025822712,25.61166883131404,0 
						</coordinates>
					</LinearRing>
				</outerBoundaryIs>
			</Polygon>
		</Placemark>
		<Placemark>
			<name>B</name>
			<styleUrl>#msn_placemark_circle</styleUrl>
			<Polygon>
				<tessellate>1</tessellate>
				<outerBoundaryIs>
					<LinearRing>
						<coordinates>
							84.85703942093794,25.61179531640984,0 84.85705386135594,25.61173197642918,0 84.85721634416093,25.6117204189109,0 84.85722502280903,25.61179860188377,0 84.85703942093794,25.61179531640984,0 
						</coordinates>
					</LinearRing>
				</outerBoundaryIs>
			</Polygon>
		</Placemark>
		<Placemark>
			<name>B</name>
			<styleUrl>#msn_placemark_circle</styleUrl>
			<Polygon>
				<tessellate>1</tessellate>
				<outerBoundaryIs>
					<LinearRing>
						<coordinates>
							84.85704177334421,25.61191517445828,0 84.85704659879144,25.61180332028223,0 84.85720965895212,25.61182590735745,0 84.85720641329615,25.6118269283545,0 84.85717198864069,25.61192970088905,0 84.85704177334421,25.61191517445828,0 
						</coordinates>
					</LinearRing>
				</outerBoundaryIs>
			</Polygon>
		</Placemark>
		<Placemark>
			<name>B</name>
			<styleUrl>#msn_placemark_circle</styleUrl>
			<Polygon>
				<tessellate>1</tessellate>
				<outerBoundaryIs>
					<LinearRing>
						<coordinates>
							84.85700349694793,25.61248187883254,0 84.85700173306635,25.61243455062776,0 84.85706212008266,25.61243980699877,0 84.85706514178443,25.61248899140191,0 84.85700349694793,25.61248187883254,0 
						</coordinates>
					</LinearRing>
				</outerBoundaryIs>
			</Polygon>
		</Placemark>
		<Placemark>
			<name>B</name>
			<styleUrl>#msn_placemark_circle</styleUrl>
			<Polygon>
				<tessellate>1</tessellate>
				<outerBoundaryIs>
					<LinearRing>
						<coordinates>
							84.85687073324969,25.61289468408533,0 84.85685974778883,25.61284088298833,0 84.85692007595692,25.61283058251404,0 84.85691458499672,25.61289415913551,0 84.85687073324969,25.61289468408533,0 
						</coordinates>
					</LinearRing>
				</outerBoundaryIs>
			</Polygon>
		</Placemark>
		<Placemark>
			<name>B</name>
			<styleUrl>#msn_placemark_circle</styleUrl>
			<Polygon>
				<tessellate>1</tessellate>
				<outerBoundaryIs>
					<LinearRing>
						<coordinates>
							84.85683150089906,25.61305609443038,0 84.85685778253597,25.6129326049268,0 84.85691312481754,25.61294417127042,0 84.85689299795618,25.61305589987781,0 84.85683150089906,25.61305609443038,0 
						</coordinates>
					</LinearRing>
				</outerBoundaryIs>
			</Polygon>
		</Placemark>
		<Placemark>
			<name>B</name>
			<styleUrl>#msn_placemark_circle</styleUrl>
			<Polygon>
				<tessellate>1</tessellate>
				<outerBoundaryIs>
					<LinearRing>
						<coordinates>
							84.85679588170072,25.61329950264361,0 84.85681740201387,25.6131700879156,0 84.85694388661611,25.61318486291819,0 84.8568939278309,25.61331839662249,0 84.85679588170072,25.61329950264361,0 
						</coordinates>
					</LinearRing>
				</outerBoundaryIs>
			</Polygon>
		</Placemark>
		<Placemark>
			<name>B</name>
			<styleUrl>#msn_placemark_circle</styleUrl>
			<Polygon>
				<tessellate>1</tessellate>
				<outerBoundaryIs>
					<LinearRing>
						<coordinates>
							84.85676951656093,25.61344843337241,0 84.85678207232829,25.61336789110908,0 84.85685222508293,25.61337435480147,0 84.85686594062618,25.61344709631092,0 84.85676951656093,25.61344843337241,0 
						</coordinates>
					</LinearRing>
				</outerBoundaryIs>
			</Polygon>
		</Placemark>
		<Placemark>
			<name>B</name>
			<styleUrl>#msn_placemark_circle</styleUrl>
			<Polygon>
				<tessellate>1</tessellate>
				<outerBoundaryIs>
					<LinearRing>
						<coordinates>
							84.85661401196148,25.61387106582031,0 84.85662480616895,25.61376182291448,0 84.85667052739716,25.61376553667495,0 84.85666124547531,25.6138557302881,0 84.85661401196148,25.61387106582031,0 
						</coordinates>
					</LinearRing>
				</outerBoundaryIs>
			</Polygon>
		</Placemark>
		<Placemark>
			<name>B</name>
			<styleUrl>#msn_placemark_circle</styleUrl>
			<Polygon>
				<tessellate>1</tessellate>
				<outerBoundaryIs>
					<LinearRing>
						<coordinates>
							84.85662960009425,25.61396386092396,0 84.85663531355766,25.61388616525329,0 84.8566893846794,25.61388878727625,0 84.85667985554018,25.61396543069285,0 84.85662960009425,25.61396386092396,0 
						</coordinates>
					</LinearRing>
				</outerBoundaryIs>
			</Polygon>
		</Placemark>
		<Placemark>
			<name>B</name>
			<styleUrl>#msn_placemark_circle</styleUrl>
			<Polygon>
				<tessellate>1</tessellate>
				<outerBoundaryIs>
					<LinearRing>
						<coordinates>
							84.85674372945587,25.61402553625609,0 84.85673060000155,25.61394799948073,0 84.85678780808638,25.61393987405042,0 84.85679061884311,25.61402221533587,0 84.85674372945587,25.61402553625609,0 
						</coordinates>
					</LinearRing>
				</outerBoundaryIs>
			</Polygon>
		</Placemark>
		<Placemark>
			<name>B</name>
			<styleUrl>#msn_placemark_circle</styleUrl>
			<Polygon>
				<tessellate>1</tessellate>
				<outerBoundaryIs>
					<LinearRing>
						<coordinates>
							84.85645494588238,25.61407006006001,0 84.8564515968925,25.61403327213387,0 84.85648447964476,25.61404045792467,0 84.85648671702516,25.61406403187058,0 84.85645494588238,25.61407006006001,0 
						</coordinates>
					</LinearRing>
				</outerBoundaryIs>
			</Polygon>
		</Placemark>
		<Placemark>
			<name>B</name>
			<styleUrl>#msn_placemark_circle</styleUrl>
			<Polygon>
				<tessellate>1</tessellate>
				<outerBoundaryIs>
					<LinearRing>
						<coordinates>
							84.85669672442737,25.61433301880794,0 84.85669630175052,25.61422740891267,0 84.85673854393364,25.61423217218524,0 84.85674657264119,25.61433763016155,0 84.85669672442737,25.61433301880794,0 
						</coordinates>
					</LinearRing>
				</outerBoundaryIs>
			</Polygon>
		</Placemark>
		<Placemark>
			<name>B</name>
			<styleUrl>#msn_placemark_circle</styleUrl>
			<Polygon>
				<tessellate>1</tessellate>
				<outerBoundaryIs>
					<LinearRing>
						<coordinates>
							84.85656150178622,25.61454447143346,0 84.85657359450315,25.61440353826198,0 84.85661790607686,25.61440594054119,0 84.85663968487455,25.61455445431584,0 84.85656150178622,25.61454447143346,0 
						</coordinates>
					</LinearRing>
				</outerBoundaryIs>
			</Polygon>
		</Placemark>
		<Placemark>
			<name>B</name>
			<styleUrl>#msn_placemark_circle</styleUrl>
			<Polygon>
				<tessellate>1</tessellate>
				<outerBoundaryIs>
					<LinearRing>
						<coordinates>
							84.85665747604996,25.61450951800472,0 84.85665489457685,25.61440745477096,0 84.85673175778373,25.61440336627011,0 84.85671661039343,25.61450588807096,0 84.85665747604996,25.61450951800472,0 
						</coordinates>
					</LinearRing>
				</outerBoundaryIs>
			</Polygon>
		</Placemark>
		<Placemark>
			<name>B</name>
			<styleUrl>#msn_placemark_circle</styleUrl>
			<Polygon>
				<tessellate>1</tessellate>
				<outerBoundaryIs>
					<LinearRing>
						<coordinates>
							84.8565433325257,25.61477816839201,0 84.85653402140939,25.6146419152058,0 84.85661455975278,25.6146582315679,0 84.85660868813699,25.61478712333465,0 84.8565433325257,25.61477816839201,0 
						</coordinates>
					</LinearRing>
				</outerBoundaryIs>
			</Polygon>
		</Placemark>
		<Placemark>
			<name>B</name>
			<styleUrl>#msn_placemark_circle</styleUrl>
			<Polygon>
				<tessellate>1</tessellate>
				<outerBoundaryIs>
					<LinearRing>
						<coordinates>
							84.85654358060916,25.61463210347588,0 84.85654573327234,25.61454414667016,0 84.85660320675515,25.61455666019342,0 84.8565866834393,25.61463086360395,0 84.85654358060916,25.61463210347588,0 
						</coordinates>
					</LinearRing>
				</outerBoundaryIs>
			</Polygon>
		</Placemark>
		<Placemark>
			<name>B</name>
			<styleUrl>#msn_placemark_circle</styleUrl>
			<Polygon>
				<tessellate>1</tessellate>
				<outerBoundaryIs>
					<LinearRing>
						<coordinates>
							84.85658699247723,25.61507207291161,0 84.85658663160211,25.61499641224372,0 84.85670972333419,25.6149967354451,0 84.85673021117985,25.61507267345301,0 84.85658699247723,25.61507207291161,0 
						</coordinates>
					</LinearRing>
				</outerBoundaryIs>
			</Polygon>
		</Placemark>
		<Placemark>
			<name>B</name>
			<styleUrl>#m_ylw-pushpin</styleUrl>
			<Polygon>
				<tessellate>1</tessellate>
				<outerBoundaryIs>
					<LinearRing>
						<coordinates>
							84.85597668340252,25.61582155101457,0 84.85586563045267,25.61563589885798,0 84.85592568988648,25.61560494166077,0 84.85603876162097,25.61578232501925,0 84.85597668340252,25.61582155101457,0 
						</coordinates>
					</LinearRing>
				</outerBoundaryIs>
			</Polygon>
		</Placemark>
		<Placemark>
			<name>B</name>
			<styleUrl>#m_ylw-pushpin</styleUrl>
			<Polygon>
				<tessellate>1</tessellate>
				<outerBoundaryIs>
					<LinearRing>
						<coordinates>
							84.85733813969139,25.61673859281218,0 84.85730528420164,25.61665776795326,0 84.8573465621354,25.61664168126006,0 84.85737870476078,25.61671809903151,0 84.85733813969139,25.61673859281218,0 
						</coordinates>
					</LinearRing>
				</outerBoundaryIs>
			</Polygon>
		</Placemark>
		<Placemark>
			<name>B</name>
			<styleUrl>#m_ylw-pushpin</styleUrl>
			<Polygon>
				<tessellate>1</tessellate>
				<outerBoundaryIs>
					<LinearRing>
						<coordinates>
							84.8576395479236,25.61834544164732,0 84.85759738227688,25.61823243056391,0 84.8576909231634,25.61820974035077,0 84.85770712697527,25.61824226859969,0 84.85777334980192,25.61822234738737,0 84.85780696875766,25.61832583477271,0 84.8576395479236,25.61834544164732,0 
						</coordinates>
					</LinearRing>
				</outerBoundaryIs>
			</Polygon>
		</Placemark>
		<Placemark>
			<name>B</name>
			<styleUrl>#m_ylw-pushpin</styleUrl>
			<Polygon>
				<tessellate>1</tessellate>
				<outerBoundaryIs>
					<LinearRing>
						<coordinates>
							84.85911069777517,25.61936650890274,0 84.85905439278517,25.61923128388317,0 84.85917377297994,25.61918274589967,0 84.85922779734717,25.61930007810201,0 84.85911069777517,25.61936650890274,0 
						</coordinates>
					</LinearRing>
				</outerBoundaryIs>
			</Polygon>
		</Placemark>
		<Placemark>
			<name>B</name>
			<styleUrl>#m_ylw-pushpin</styleUrl>
			<Polygon>
				<tessellate>1</tessellate>
				<outerBoundaryIs>
					<LinearRing>
						<coordinates>
							84.85927058361857,25.61925489272298,0 84.85918837261715,25.61911753013614,0 84.85931632503068,25.61906500097479,0 84.85941000942564,25.6192087382385,0 84.85927058361857,25.61925489272298,0 
						</coordinates>
					</LinearRing>
				</outerBoundaryIs>
			</Polygon>
		</Placemark>
		<Placemark>
			<name>B</name>
			<styleUrl>#m_ylw-pushpin</styleUrl>
			<Polygon>
				<tessellate>1</tessellate>
				<outerBoundaryIs>
					<LinearRing>
						<coordinates>
							84.85958873283666,25.61982418741855,0 84.85953110090232,25.61970659010269,0 84.85965696080041,25.61966509710986,0 84.85970393089067,25.61979865117904,0 84.85958873283666,25.61982418741855,0 
						</coordinates>
					</LinearRing>
				</outerBoundaryIs>
			</Polygon>
		</Placemark>
		<Placemark>
			<name>B</name>
			<styleUrl>#m_ylw-pushpin</styleUrl>
			<Polygon>
				<tessellate>1</tessellate>
				<outerBoundaryIs>
					<LinearRing>
						<coordinates>
							84.86088785137682,25.62217977228436,0 84.86085172570762,25.6221194098103,0 84.8608805777972,25.62209661150297,0 84.86093863263764,25.62215814247859,0 84.86088785137682,25.62217977228436,0 
						</coordinates>
					</LinearRing>
				</outerBoundaryIs>
			</Polygon>
		</Placemark>
		<Placemark>
			<name>B</name>
			<styleUrl>#m_ylw-pushpin</styleUrl>
			<Polygon>
				<tessellate>1</tessellate>
				<outerBoundaryIs>
					<LinearRing>
						<coordinates>
							84.86223747363913,25.62325155397527,0 84.86219469220795,25.62319502152294,0 84.86228616300241,25.62310544790528,0 84.86234739168771,25.62316071932492,0 84.86223747363913,25.62325155397527,0 
						</coordinates>
					</LinearRing>
				</outerBoundaryIs>
			</Polygon>
		</Placemark>
		<Placemark>
			<name>B</name>
			<styleUrl>#m_ylw-pushpin</styleUrl>
			<Polygon>
				<tessellate>1</tessellate>
				<outerBoundaryIs>
					<LinearRing>
						<coordinates>
							84.86248518737661,25.62335796227924,0 84.86242123180017,25.62327466896287,0 84.86254719784245,25.62321467541055,0 84.86258288155861,25.62330407301709,0 84.86248518737661,25.62335796227924,0 
						</coordinates>
					</LinearRing>
				</outerBoundaryIs>
			</Polygon>
		</Placemark>
		<Placemark>
			<name>B</name>
			<styleUrl>#m_ylw-pushpin</styleUrl>
			<Polygon>
				<tessellate>1</tessellate>
				<outerBoundaryIs>
					<LinearRing>
						<coordinates>
							84.86286667506191,25.62411188328769,0 84.86283199771222,25.6240718639299,0 84.86289475711541,25.62403680325132,0 84.86291859637686,25.62408950594808,0 84.86286667506191,25.62411188328769,0 
						</coordinates>
					</LinearRing>
				</outerBoundaryIs>
			</Polygon>
		</Placemark>
		<Placemark>
			<name>B</name>
			<styleUrl>#m_ylw-pushpin</styleUrl>
			<Polygon>
				<tessellate>1</tessellate>
				<outerBoundaryIs>
					<LinearRing>
						<coordinates>
							84.86293280211359,25.62417761516043,0 84.86290465917268,25.62412300335829,0 84.86297928755887,25.62409003129448,0 84.86301818475481,25.62415727708166,0 84.86293280211359,25.62417761516043,0 
						</coordinates>
					</LinearRing>
				</outerBoundaryIs>
			</Polygon>
		</Placemark>
		<Placemark>
			<name>B</name>
			<styleUrl>#m_ylw-pushpin</styleUrl>
			<Polygon>
				<tessellate>1</tessellate>
				<outerBoundaryIs>
					<LinearRing>
						<coordinates>
							84.86284501944169,25.624282767386,0 84.86279307710345,25.62417937431987,0 84.86287211263478,25.62415805361184,0 84.86291644435828,25.62426527721723,0 84.86284501944169,25.624282767386,0 
						</coordinates>
					</LinearRing>
				</outerBoundaryIs>
			</Polygon>
		</Placemark>
		<Placemark>
			<name>B</name>
			<styleUrl>#m_ylw-pushpin</styleUrl>
			<Polygon>
				<tessellate>1</tessellate>
				<outerBoundaryIs>
					<LinearRing>
						<coordinates>
							84.86261833510299,25.62448304767196,0 84.86257789010267,25.62438821492864,0 84.86263225753002,25.62436764835554,0 84.86266823091293,25.62446544387283,0 84.86261833510299,25.62448304767196,0 
						</coordinates>
					</LinearRing>
				</outerBoundaryIs>
			</Polygon>
		</Placemark>
		<Placemark>
			<name>B</name>
			<styleUrl>#m_ylw-pushpin</styleUrl>
			<Polygon>
				<tessellate>1</tessellate>
				<outerBoundaryIs>
					<LinearRing>
						<coordinates>
							84.86330988654571,25.62457788720118,0 84.86345195657928,25.62451705799681,0 84.86347608310794,25.6245626030716,0 84.86333085154088,25.62462646514675,0 84.86330988654571,25.62457788720118,0 
						</coordinates>
					</LinearRing>
				</outerBoundaryIs>
			</Polygon>
		</Placemark>
		<Placemark>
			<name>B</name>
			<styleUrl>#m_ylw-pushpin</styleUrl>
			<Polygon>
				<tessellate>1</tessellate>
				<outerBoundaryIs>
					<LinearRing>
						<coordinates>
							84.86359263100894,25.62428434441032,0 84.8637831038799,25.62445243055957,0 84.86370739107481,25.62452071345291,0 84.86351402880589,25.62435711907831,0 84.86359263100894,25.62428434441032,0 
						</coordinates>
					</LinearRing>
				</outerBoundaryIs>
			</Polygon>
		</Placemark>
		<Placemark>
			<name>B</name>
			<styleUrl>#m_ylw-pushpin</styleUrl>
			<Polygon>
				<tessellate>1</tessellate>
				<outerBoundaryIs>
					<LinearRing>
						<coordinates>
							84.86346230973955,25.62430521936432,0 84.86341821071821,25.6242112008157,0 84.86349566164367,25.62417434637101,0 84.86355637437362,25.62426527109319,0 84.86346230973955,25.62430521936432,0 
						</coordinates>
					</LinearRing>
				</outerBoundaryIs>
			</Polygon>
		</Placemark>
		<Placemark>
			<name>B</name>
			<styleUrl>#m_ylw-pushpin</styleUrl>
			<Polygon>
				<tessellate>1</tessellate>
				<outerBoundaryIs>
					<LinearRing>
						<coordinates>
							84.8633551169039,25.62415454998423,0 84.8632975404236,25.62405770919874,0 84.86337942717208,25.62401420233751,0 84.86343811800727,25.62410471681877,0 84.8633551169039,25.62415454998423,0 
						</coordinates>
					</LinearRing>
				</outerBoundaryIs>
			</Polygon>
		</Placemark>
		<Placemark>
			<name>B</name>
			<styleUrl>#m_ylw-pushpin</styleUrl>
			<Polygon>
				<tessellate>1</tessellate>
				<outerBoundaryIs>
					<LinearRing>
						<coordinates>
							84.86292483983297,25.62425635975804,0 84.86287823116852,25.6241392078618,0 84.8629293053725,25.62411918384744,0 84.86299139767776,25.62422629295318,0 84.86292483983297,25.62425635975804,0 
						</coordinates>
					</LinearRing>
				</outerBoundaryIs>
			</Polygon>
		</Placemark>
		<Placemark>
			<name>B</name>
			<styleUrl>#m_ylw-pushpin</styleUrl>
			<Polygon>
				<tessellate>1</tessellate>
				<outerBoundaryIs>
					<LinearRing>
						<coordinates>
							84.86278288512889,25.62414301362844,0 84.86274943684141,25.62408281450744,0 84.86277617999207,25.62406678022409,0 84.86281627947312,25.62410992868074,0 84.86278288512889,25.62414301362844,0 
						</coordinates>
					</LinearRing>
				</outerBoundaryIs>
			</Polygon>
		</Placemark>
		<Placemark>
			<name>B</name>
			<styleUrl>#m_ylw-pushpin</styleUrl>
			<Polygon>
				<tessellate>1</tessellate>
				<outerBoundaryIs>
					<LinearRing>
						<coordinates>
							84.86314787705882,25.62470290826045,0 84.86314234324139,25.62467202762812,0 84.86314123627393,25.62466704706832,0 84.86313902232679,25.62466406691532,0 84.86312794914262,25.62465115705212,0 84.86308804249916,25.62465136028083,0 84.86308249205611,25.62462642197208,0 84.86318215667232,25.6245970656851,0 84.86322299712293,25.62467455566111,0 84.86314787705882,25.62470290826045,0 
						</coordinates>
					</LinearRing>
				</outerBoundaryIs>
			</Polygon>
		</Placemark>
		<Placemark>
			<name>B</name>
			<styleUrl>#m_ylw-pushpin</styleUrl>
			<Polygon>
				<tessellate>1</tessellate>
				<outerBoundaryIs>
					<LinearRing>
						<coordinates>
							84.86311353343801,25.62447056069952,0 84.86322525381027,25.62443158772962,0 84.86325831671704,25.62449827845683,0 84.86315119503566,25.62453634995059,0 84.86311353343801,25.62447056069952,0 
						</coordinates>
					</LinearRing>
				</outerBoundaryIs>
			</Polygon>
		</Placemark>
		<Placemark>
			<name>B</name>
			<styleUrl>#m_ylw-pushpin</styleUrl>
			<Polygon>
				<tessellate>1</tessellate>
				<outerBoundaryIs>
					<LinearRing>
						<coordinates>
							84.86310473940163,25.624935260744,0 84.86298613440756,25.62480058942802,0 84.86304048630889,25.62475558446494,0 84.86315777919806,25.62490910388588,0 84.86310473940163,25.624935260744,0 
						</coordinates>
					</LinearRing>
				</outerBoundaryIs>
			</Polygon>
		</Placemark>
		<Placemark>
			<name>B</name>
			<styleUrl>#m_ylw-pushpin</styleUrl>
			<Polygon>
				<tessellate>1</tessellate>
				<outerBoundaryIs>
					<LinearRing>
						<coordinates>
							84.86285210127789,25.62457490661797,0 84.86278706098146,25.62448041021926,0 84.86292660243511,25.6244395727587,0 84.86297568665591,25.62452090544663,0 84.86285210127789,25.62457490661797,0 
						</coordinates>
					</LinearRing>
				</outerBoundaryIs>
			</Polygon>
		</Placemark>
		<Placemark>
			<name>B</name>
			<styleUrl>#m_ylw-pushpin</styleUrl>
			<Polygon>
				<tessellate>1</tessellate>
				<outerBoundaryIs>
					<LinearRing>
						<coordinates>
							84.86338141408088,25.62452587495857,0 84.86335598421059,25.6244692457921,0 84.86338797977125,25.62444937144162,0 84.86343540490485,25.62450301976785,0 84.86338141408088,25.62452587495857,0 
						</coordinates>
					</LinearRing>
				</outerBoundaryIs>
			</Polygon>
		</Placemark>
		<Placemark>
			<name>B</name>
			<styleUrl>#m_ylw-pushpin</styleUrl>
			<Polygon>
				<tessellate>1</tessellate>
				<outerBoundaryIs>
					<LinearRing>
						<coordinates>
							84.86382590606375,25.62508258001515,0 84.86376803765803,25.62500780763468,0 84.86385530859627,25.62494584048842,0 84.86392286871271,25.62504016361936,0 84.86382590606375,25.62508258001515,0 
						</coordinates>
					</LinearRing>
				</outerBoundaryIs>
			</Polygon>
		</Placemark>
		<Placemark>
			<name>B</name>
			<styleUrl>#m_ylw-pushpin</styleUrl>
			<Polygon>
				<tessellate>1</tessellate>
				<outerBoundaryIs>
					<LinearRing>
						<coordinates>
							84.86373193167432,25.62501769011791,0 84.86368272805812,25.62493293565937,0 84.86375712544182,25.62488376448367,0 84.86379098388385,25.62498613999201,0 84.86373193167432,25.62501769011791,0 
						</coordinates>
					</LinearRing>
				</outerBoundaryIs>
			</Polygon>
		</Placemark>
		<Placemark>
			<name>B</name>
			<styleUrl>#m_ylw-pushpin</styleUrl>
			<Polygon>
				<tessellate>1</tessellate>
				<outerBoundaryIs>
					<LinearRing>
						<coordinates>
							84.86437854803786,25.62470555189274,0 84.86425325370263,25.62454771471616,0 84.86431238608162,25.62450608697642,0 84.86443983934899,25.62465969445571,0 84.86437854803786,25.62470555189274,0 
						</coordinates>
					</LinearRing>
				</outerBoundaryIs>
			</Polygon>
		</Placemark>
		<Placemark>
			<name>b</name>
			<styleUrl>#m_ylw-pushpin</styleUrl>
			<Polygon>
				<tessellate>1</tessellate>
				<outerBoundaryIs>
					<LinearRing>
						<coordinates>
							84.86340943295731,25.62500672605053,0 84.86335034907141,25.6248872157753,0 84.86341934228008,25.62488632875786,0 84.86345860712265,25.62498359369979,0 84.86340943295731,25.62500672605053,0 
						</coordinates>
					</LinearRing>
				</outerBoundaryIs>
			</Polygon>
		</Placemark>
		<Placemark>
			<name>B</name>
			<styleUrl>#m_ylw-pushpin</styleUrl>
			<Polygon>
				<tessellate>1</tessellate>
				<outerBoundaryIs>
					<LinearRing>
						<coordinates>
							84.86388526761513,25.62548737017763,0 84.86415754333389,25.62538580922595,0 84.86418171256119,25.62546173964999,0 84.86391245140584,25.62554713134273,0 84.86388526761513,25.62548737017763,0 
						</coordinates>
					</LinearRing>
				</outerBoundaryIs>
			</Polygon>
		</Placemark>
		<Placemark>
			<name>B</name>
			<styleUrl>#m_ylw-pushpin</styleUrl>
			<Polygon>
				<tessellate>1</tessellate>
				<outerBoundaryIs>
					<LinearRing>
						<coordinates>
							84.86383619865843,25.62564059686068,0 84.86378469270799,25.6255109306022,0 84.86385773770481,25.62548598173858,0 84.86390584461242,25.62561854961017,0 84.86383619865843,25.62564059686068,0 
						</coordinates>
					</LinearRing>
				</outerBoundaryIs>
			</Polygon>
		</Placemark>
		<Placemark>
			<name>B</name>
			<styleUrl>#m_ylw-pushpin</styleUrl>
			<Polygon>
				<tessellate>1</tessellate>
				<outerBoundaryIs>
					<LinearRing>
						<coordinates>
							84.86408928644929,25.62568698652701,0 84.86402333854114,25.62557678333152,0 84.86407180299069,25.62554330389423,0 84.86413787154791,25.62566368428709,0 84.86408928644929,25.62568698652701,0 
						</coordinates>
					</LinearRing>
				</outerBoundaryIs>
			</Polygon>
		</Placemark>
		<Placemark>
			<name>B</name>
			<styleUrl>#m_ylw-pushpin</styleUrl>
			<Polygon>
				<tessellate>1</tessellate>
				<outerBoundaryIs>
					<LinearRing>
						<coordinates>
							84.86413311570318,25.62557279523806,0 84.86410090102854,25.62551123785098,0 84.86421890310758,25.62545742980405,0 84.86425291962966,25.62554682352393,0 84.86413311570318,25.62557279523806,0 
						</coordinates>
					</LinearRing>
				</outerBoundaryIs>
			</Polygon>
		</Placemark>
		<Placemark>
			<name>B</name>
			<styleUrl>#m_ylw-pushpin</styleUrl>
			<Polygon>
				<tessellate>1</tessellate>
				<outerBoundaryIs>
					<LinearRing>
						<coordinates>
							84.86390482413498,25.62581078768809,0 84.86382290365056,25.62568900915115,0 84.86389133695859,25.62562871870946,0 84.8639937332613,25.62576288206605,0 84.86390482413498,25.62581078768809,0 
						</coordinates>
					</LinearRing>
				</outerBoundaryIs>
			</Polygon>
		</Placemark>
		<Placemark>
			<name>B</name>
			<styleUrl>#m_ylw-pushpin</styleUrl>
			<Polygon>
				<tessellate>1</tessellate>
				<outerBoundaryIs>
					<LinearRing>
						<coordinates>
							84.86397789930287,25.62568928343082,0 84.86391081988548,25.62555878153627,0 84.86400895283116,25.62552852158224,0 84.86404738225787,25.62564128876773,0 84.86397789930287,25.62568928343082,0 
						</coordinates>
					</LinearRing>
				</outerBoundaryIs>
			</Polygon>
		</Placemark>
		<Placemark>
			<name>B</name>
			<styleUrl>#m_ylw-pushpin</styleUrl>
			<Polygon>
				<tessellate>1</tessellate>
				<outerBoundaryIs>
					<LinearRing>
						<coordinates>
							84.86366058356694,25.6257201237393,0 84.86355845432102,25.62559617601374,0 84.86370841181488,25.62553149235547,0 84.86376149004415,25.62565839826028,0 84.86366058356694,25.6257201237393,0 
						</coordinates>
					</LinearRing>
				</outerBoundaryIs>
			</Polygon>
		</Placemark>
		<Placemark>
			<name>B</name>
			<styleUrl>#m_ylw-pushpin</styleUrl>
			<Polygon>
				<tessellate>1</tessellate>
				<outerBoundaryIs>
					<LinearRing>
						<coordinates>
							84.86377439606166,25.6256657049662,0 84.86370841181488,25.62553149235547,0 84.86377496771367,25.62551094922465,0 84.8638313172077,25.62564354101533,0 84.86377439606166,25.6256657049662,0 
						</coordinates>
					</LinearRing>
				</outerBoundaryIs>
			</Polygon>
		</Placemark>
		<Placemark>
			<name>B</name>
			<styleUrl>#m_ylw-pushpin</styleUrl>
			<Polygon>
				<tessellate>1</tessellate>
				<outerBoundaryIs>
					<LinearRing>
						<coordinates>
							84.86467842572949,25.62516103871529,0 84.86473021886201,25.62509968751539,0 84.86486141482948,25.62520337380785,0 84.86480946455163,25.62526771999728,0 84.86467842572949,25.62516103871529,0 
						</coordinates>
					</LinearRing>
				</outerBoundaryIs>
			</Polygon>
		</Placemark>
		<Placemark>
			<name>B</name>
			<styleUrl>#m_ylw-pushpin</styleUrl>
			<Polygon>
				<tessellate>1</tessellate>
				<outerBoundaryIs>
					<LinearRing>
						<coordinates>
							84.864459762092,25.62590788618349,0 84.86441899845165,25.62584353992975,0 84.86458827580719,25.62575699264368,0 84.86461920123048,25.62582415984714,0 84.864459762092,25.62590788618349,0 
						</coordinates>
					</LinearRing>
				</outerBoundaryIs>
			</Polygon>
		</Placemark>
		<Placemark>
			<name>S</name>
			<styleUrl>#m_ylw-pushpin</styleUrl>
			<Polygon>
				<tessellate>1</tessellate>
				<outerBoundaryIs>
					<LinearRing>
						<coordinates>
							84.86547474824678,25.62744428778193,0 84.86526868437662,25.62723078805224,0 84.86534866139519,25.6271711344269,0 84.86556520959664,25.62738781419249,0 84.86547474824678,25.62744428778193,0 
						</coordinates>
					</LinearRing>
				</outerBoundaryIs>
			</Polygon>
		</Placemark>
		<Placemark>
			<name>B</name>
			<styleUrl>#m_ylw-pushpin</styleUrl>
			<Polygon>
				<tessellate>1</tessellate>
				<outerBoundaryIs>
					<LinearRing>
						<coordinates>
							84.86650705175818,25.62625544094655,0 84.86644832569223,25.62613503561705,0 84.8665782569574,25.62606847774415,0 84.86663818023359,25.62620374556206,0 84.86650705175818,25.62625544094655,0 
						</coordinates>
					</LinearRing>
				</outerBoundaryIs>
			</Polygon>
		</Placemark>
		<Placemark>
			<name>B</name>
			<styleUrl>#m_ylw-pushpin</styleUrl>
			<Polygon>
				<tessellate>1</tessellate>
				<outerBoundaryIs>
					<LinearRing>
						<coordinates>
							84.8666410873376,25.62615346476822,0 84.8665974072095,25.62605984786341,0 84.86669198871346,25.62601306597476,0 84.86673459130904,25.62611685594845,0 84.8666410873376,25.62615346476822,0 
						</coordinates>
					</LinearRing>
				</outerBoundaryIs>
			</Polygon>
		</Placemark>
		<Placemark>
			<name>B</name>
			<styleUrl>#m_ylw-pushpin</styleUrl>
			<Polygon>
				<tessellate>1</tessellate>
				<outerBoundaryIs>
					<LinearRing>
						<coordinates>
							84.8667855258264,25.6261194766586,0 84.86672355612643,25.6260180322201,0 84.86682777559585,25.6259649617712,0 84.86688742960797,25.62607638716823,0 84.8667855258264,25.6261194766586,0 
						</coordinates>
					</LinearRing>
				</outerBoundaryIs>
			</Polygon>
		</Placemark>
		<Placemark>
			<name>B</name>
			<styleUrl>#m_ylw-pushpin</styleUrl>
			<Polygon>
				<tessellate>1</tessellate>
				<outerBoundaryIs>
					<LinearRing>
						<coordinates>
							84.86668028706089,25.62629819013457,0 84.86664229750951,25.62620131095635,0 84.86685028880693,25.6261307765045,0 84.8668841199614,25.62623063621952,0 84.86668028706089,25.62629819013457,0 
						</coordinates>
					</LinearRing>
				</outerBoundaryIs>
			</Polygon>
		</Placemark>
		<Placemark>
			<name>B</name>
			<styleUrl>#m_ylw-pushpin</styleUrl>
			<Polygon>
				<tessellate>1</tessellate>
				<outerBoundaryIs>
					<LinearRing>
						<coordinates>
							84.86687037915318,25.62638759078869,0 84.8668320325895,25.62629395979416,0 84.86698363457155,25.62625501355811,0 84.86700562017494,25.62634017493158,0 84.86687037915318,25.62638759078869,0 
						</coordinates>
					</LinearRing>
				</outerBoundaryIs>
			</Polygon>
		</Placemark>
		<Placemark>
			<name>B</name>
			<styleUrl>#m_ylw-pushpin</styleUrl>
			<Polygon>
				<tessellate>1</tessellate>
				<outerBoundaryIs>
					<LinearRing>
						<coordinates>
							84.86701327822853,25.62686695696847,0 84.86696966209468,25.62671956864947,0 84.86702645641314,25.62670360245439,0 84.86706874324538,25.62684460090216,0 84.86701327822853,25.62686695696847,0 
						</coordinates>
					</LinearRing>
				</outerBoundaryIs>
			</Polygon>
		</Placemark>
		<Placemark>
			<name>B</name>
			<styleUrl>#m_ylw-pushpin</styleUrl>
			<Polygon>
				<tessellate>1</tessellate>
				<outerBoundaryIs>
					<LinearRing>
						<coordinates>
							84.86708406239288,25.62684674647387,0 84.86704063051513,25.62670363600857,0 84.86723618255985,25.62666399005483,0 84.86726701863422,25.62679566222484,0 84.86708406239288,25.62684674647387,0 
						</coordinates>
					</LinearRing>
				</outerBoundaryIs>
			</Polygon>
		</Placemark>
		<Placemark>
			<name>B</name>
			<styleUrl>#m_ylw-pushpin</styleUrl>
			<Polygon>
				<tessellate>1</tessellate>
				<outerBoundaryIs>
					<LinearRing>
						<coordinates>
							84.86714475479475,25.62718735247516,0 84.86713567053631,25.62714842901143,0 84.86719463294214,25.62712174459218,0 84.86720710508733,25.62716059527147,0 84.86714475479475,25.62718735247516,0 
						</coordinates>
					</LinearRing>
				</outerBoundaryIs>
			</Polygon>
		</Placemark>
		<Placemark>
			<name>B</name>
			<styleUrl>#m_ylw-pushpin</styleUrl>
			<Polygon>
				<tessellate>1</tessellate>
				<outerBoundaryIs>
					<LinearRing>
						<coordinates>
							84.86714247678997,25.62711668913987,0 84.86710047240173,25.62703177918135,0 84.86717648937584,25.62700722363833,0 84.86720482907778,25.62709003793135,0 84.86714247678997,25.62711668913987,0 
						</coordinates>
					</LinearRing>
				</outerBoundaryIs>
			</Polygon>
		</Placemark>
		<Placemark>
			<name>B</name>
			<styleUrl>#m_ylw-pushpin</styleUrl>
			<Polygon>
				<tessellate>1</tessellate>
				<outerBoundaryIs>
					<LinearRing>
						<coordinates>
							84.86709234642929,25.62642394297085,0 84.86705780610392,25.6263261290989,0 84.86721541182312,25.62629694714351,0 84.86722282414573,25.62638817647503,0 84.86709234642929,25.62642394297085,0 
						</coordinates>
					</LinearRing>
				</outerBoundaryIs>
			</Polygon>
		</Placemark>
		<Placemark>
			<name>B</name>
			<styleUrl>#m_ylw-pushpin</styleUrl>
			<Polygon>
				<tessellate>1</tessellate>
				<outerBoundaryIs>
					<LinearRing>
						<coordinates>
							84.86769052901884,25.62774136696661,0 84.86767059315991,25.62765088087943,0 84.86787967805876,25.62759040443214,0 84.86791745605534,25.6276875960313,0 84.86769052901884,25.62774136696661,0 
						</coordinates>
					</LinearRing>
				</outerBoundaryIs>
			</Polygon>
		</Placemark>
		<Placemark>
			<name>B</name>
			<styleUrl>#m_ylw-pushpin</styleUrl>
			<Polygon>
				<tessellate>1</tessellate>
				<outerBoundaryIs>
					<LinearRing>
						<coordinates>
							84.86717483210302,25.6285999533235,0 84.86713883804313,25.62850269498368,0 84.86720394966706,25.62847332287865,0 84.86725014667601,25.62857820238954,0 84.86717483210302,25.6285999533235,0 
						</coordinates>
					</LinearRing>
				</outerBoundaryIs>
			</Polygon>
		</Placemark>
		<Placemark>
			<name>B</name>
			<styleUrl>#m_ylw-pushpin</styleUrl>
			<Polygon>
				<tessellate>1</tessellate>
				<outerBoundaryIs>
					<LinearRing>
						<coordinates>
							84.86831613877946,25.62855112163433,0 84.86822917240323,25.62840111192008,0 84.86843346143107,25.62833202879111,0 84.86851452407274,25.62849034300993,0 84.86831613877946,25.62855112163433,0 
						</coordinates>
					</LinearRing>
				</outerBoundaryIs>
			</Polygon>
		</Placemark>
		<Placemark>
			<name>B</name>
			<styleUrl>#m_ylw-pushpin</styleUrl>
			<Polygon>
				<tessellate>1</tessellate>
				<outerBoundaryIs>
					<LinearRing>
						<coordinates>
							84.86843164389184,25.6288643515223,0 84.8683803625314,25.62874758024461,0 84.86862409929518,25.62866229499858,0 84.86867027325297,25.62875475646243,0 84.86843164389184,25.6288643515223,0 
						</coordinates>
					</LinearRing>
				</outerBoundaryIs>
			</Polygon>
		</Placemark>
		<Placemark>
			<name>B</name>
			<styleUrl>#m_ylw-pushpin</styleUrl>
			<Polygon>
				<tessellate>1</tessellate>
				<outerBoundaryIs>
					<LinearRing>
						<coordinates>
							84.86860449650163,25.62870311836577,0 84.86853102869711,25.62852820704171,0 84.8687749395324,25.62845032106732,0 84.8688613183194,25.62863025325904,0 84.86860449650163,25.62870311836577,0 
						</coordinates>
					</LinearRing>
				</outerBoundaryIs>
			</Polygon>
		</Placemark>
		<Placemark>
			<name>B</name>
			<styleUrl>#m_ylw-pushpin</styleUrl>
			<Polygon>
				<tessellate>1</tessellate>
				<outerBoundaryIs>
					<LinearRing>
						<coordinates>
							84.86852905425526,25.62851409235183,0 84.86847010225284,25.62836621792847,0 84.86866641191696,25.62826890301386,0 84.868749277742,25.62844335600793,0 84.86852905425526,25.62851409235183,0 
						</coordinates>
					</LinearRing>
				</outerBoundaryIs>
			</Polygon>
		</Placemark>
		<Placemark>
			<name>B</name>
			<styleUrl>#m_ylw-pushpin</styleUrl>
			<Polygon>
				<tessellate>1</tessellate>
				<outerBoundaryIs>
					<LinearRing>
						<coordinates>
							84.86863707982634,25.62927517121943,0 84.86858485737008,25.62916552507902,0 84.86876403301984,25.62910467318174,0 84.86880498511833,25.62921935825063,0 84.86863707982634,25.62927517121943,0 
						</coordinates>
					</LinearRing>
				</outerBoundaryIs>
			</Polygon>
		</Placemark>
		<Placemark>
			<name>B</name>
			<styleUrl>#m_ylw-pushpin</styleUrl>
			<Polygon>
				<tessellate>1</tessellate>
				<outerBoundaryIs>
					<LinearRing>
						<coordinates>
							84.86848502860042,25.62905301926467,0 84.86848500964548,25.62898548108639,0 84.86869681260475,25.62892211198561,0 84.86872301505095,25.6289732599319,0 84.86848502860042,25.62905301926467,0 
						</coordinates>
					</LinearRing>
				</outerBoundaryIs>
			</Polygon>
		</Placemark>
		<Placemark>
			<name>B</name>
			<styleUrl>#m_ylw-pushpin</styleUrl>
			<Polygon>
				<tessellate>1</tessellate>
				<outerBoundaryIs>
					<LinearRing>
						<coordinates>
							84.86880810810045,25.62963766900215,0 84.86876428529069,25.62955944735551,0 84.8689288543523,25.62951839803721,0 84.86895495730437,25.6295859341516,0 84.86880810810045,25.62963766900215,0 
						</coordinates>
					</LinearRing>
				</outerBoundaryIs>
			</Polygon>
		</Placemark>
		<Placemark>
			<name>B</name>
			<styleUrl>#m_ylw-pushpin</styleUrl>
			<Polygon>
				<tessellate>1</tessellate>
				<outerBoundaryIs>
					<LinearRing>
						<coordinates>
							84.86900771175361,25.62984873863535,0 84.86892008921093,25.6297232594535,0 84.86914087217049,25.62965347780374,0 84.8691710300977,25.62982542917159,0 84.86900771175361,25.62984873863535,0 
						</coordinates>
					</LinearRing>
				</outerBoundaryIs>
			</Polygon>
		</Placemark>
		<Placemark>
			<name>B</name>
			<styleUrl>#m_ylw-pushpin</styleUrl>
			<Polygon>
				<tessellate>1</tessellate>
				<outerBoundaryIs>
					<LinearRing>
						<coordinates>
							84.86912834434636,25.63019356613023,0 84.86905755356766,25.63003388485362,0 84.86922494770015,25.6299735898596,0 84.86931182290374,25.63015079409503,0 84.86912834434636,25.63019356613023,0 
						</coordinates>
					</LinearRing>
				</outerBoundaryIs>
			</Polygon>
		</Placemark>
		<Placemark>
			<name>TEMPLE</name>
			<styleUrl>#m_ylw-pushpin</styleUrl>
			<Polygon>
				<tessellate>1</tessellate>
				<outerBoundaryIs>
					<LinearRing>
						<coordinates>
							84.8683455809325,25.63109532873252,0 84.86825153618939,25.63095018014009,0 84.8685049358523,25.63077842055669,0 84.86862670322346,25.6309321419403,0 84.8683455809325,25.63109532873252,0 
						</coordinates>
					</LinearRing>
				</outerBoundaryIs>
			</Polygon>
		</Placemark>
		<Placemark>
			<name>TEMPLE</name>
			<styleUrl>#m_ylw-pushpin</styleUrl>
			<Polygon>
				<tessellate>1</tessellate>
				<outerBoundaryIs>
					<LinearRing>
						<coordinates>
							84.87037040760558,25.63218971994548,0 84.87034746468798,25.63212372805097,0 84.8704222763364,25.6320913610892,0 84.87045952798262,25.6321797685629,0 84.87037040760558,25.63218971994548,0 
						</coordinates>
					</LinearRing>
				</outerBoundaryIs>
			</Polygon>
		</Placemark>
		<Placemark>
			<name>S</name>
			<styleUrl>#m_ylw-pushpin</styleUrl>
			<Polygon>
				<tessellate>1</tessellate>
				<outerBoundaryIs>
					<LinearRing>
						<coordinates>
							84.87090432334789,25.63365211022873,0 84.87084378081384,25.63357414974153,0 84.87099435784324,25.6335116855891,0 84.87103432482877,25.63358133188234,0 84.87090432334789,25.63365211022873,0 
						</coordinates>
					</LinearRing>
				</outerBoundaryIs>
			</Polygon>
		</Placemark>
		<Placemark>
			<name>M</name>
			<styleUrl>#m_ylw-pushpin</styleUrl>
			<Polygon>
				<tessellate>1</tessellate>
				<outerBoundaryIs>
					<LinearRing>
						<coordinates>
							84.87227049342644,25.63574648971447,0 84.87222831676917,25.63564468093288,0 84.87228201135835,25.63563980149506,0 84.87232991562752,25.63572882373682,0 84.87227049342644,25.63574648971447,0 
						</coordinates>
					</LinearRing>
				</outerBoundaryIs>
			</Polygon>
		</Placemark>
		<Placemark>
			<name>B</name>
			<styleUrl>#m_ylw-pushpin</styleUrl>
			<Polygon>
				<tessellate>1</tessellate>
				<outerBoundaryIs>
					<LinearRing>
						<coordinates>
							84.87235389943157,25.6358848511905,0 84.87229895346896,25.63580136981494,0 84.87233108285535,25.63578431059937,0 84.87239107514013,25.63587312062667,0 84.87235389943157,25.6358848511905,0 
						</coordinates>
					</LinearRing>
				</outerBoundaryIs>
			</Polygon>
		</Placemark>
		<Placemark>
			<name>B</name>
			<styleUrl>#m_ylw-pushpin</styleUrl>
			<Polygon>
				<tessellate>1</tessellate>
				<outerBoundaryIs>
					<LinearRing>
						<coordinates>
							84.87244306737327,25.63596246313494,0 84.87237964607604,25.63588797808401,0 84.87238399910973,25.635881593609,0 84.87241603333516,25.63584902044518,0 84.87246522964682,25.6359350406514,0 84.87244306737327,25.63596246313494,0 
						</coordinates>
					</LinearRing>
				</outerBoundaryIs>
			</Polygon>
		</Placemark>
		<Placemark>
			<name>B</name>
			<styleUrl>#m_ylw-pushpin</styleUrl>
			<Polygon>
				<tessellate>1</tessellate>
				<outerBoundaryIs>
					<LinearRing>
						<coordinates>
							84.87250962283871,25.63606733828891,0 84.87245706491619,25.63600193361174,0 84.87249384683862,25.63596350689185,0 84.87254362697014,25.63602980824624,0 84.87250962283871,25.63606733828891,0 
						</coordinates>
					</LinearRing>
				</outerBoundaryIs>
			</Polygon>
		</Placemark>
		<Placemark>
			<name>B</name>
			<styleUrl>#m_ylw-pushpin</styleUrl>
			<Polygon>
				<tessellate>1</tessellate>
				<outerBoundaryIs>
					<LinearRing>
						<coordinates>
							84.87272273402908,25.63623557445108,0 84.87258752341891,25.63614727905391,0 84.87263305527983,25.63611140698879,0 84.8727560012405,25.63619664676763,0 84.87272273402908,25.63623557445108,0 
						</coordinates>
					</LinearRing>
				</outerBoundaryIs>
			</Polygon>
		</Placemark>
		<Placemark>
			<name>TEMPLE</name>
			<styleUrl>#m_ylw-pushpin</styleUrl>
			<Polygon>
				<tessellate>1</tessellate>
				<outerBoundaryIs>
					<LinearRing>
						<coordinates>
							84.8722540225146,25.63870501491375,0 84.87224173890522,25.63862114343811,0 84.87231113723068,25.63861792401513,0 84.8723347844652,25.6386902809075,0 84.8722540225146,25.63870501491375,0 
						</coordinates>
					</LinearRing>
				</outerBoundaryIs>
			</Polygon>
		</Placemark>
		<Placemark>
			<name>B</name>
			<styleUrl>#m_ylw-pushpin</styleUrl>
			<Polygon>
				<tessellate>1</tessellate>
				<outerBoundaryIs>
					<LinearRing>
						<coordinates>
							84.87164762890632,25.64014192310599,0 84.87167327112103,25.6400076324021,0 84.87173266688947,25.64001516091124,0 84.87170676125025,25.64015266659775,0 84.87164762890632,25.64014192310599,0 
						</coordinates>
					</LinearRing>
				</outerBoundaryIs>
			</Polygon>
		</Placemark>
		<Placemark>
			<name>B</name>
			<styleUrl>#m_ylw-pushpin</styleUrl>
			<Polygon>
				<tessellate>1</tessellate>
				<outerBoundaryIs>
					<LinearRing>
						<coordinates>
							84.87107067439572,25.64211709510306,0 84.871071701665,25.64204907242101,0 84.87121184292397,25.64205290919622,0 84.87120697522019,25.64210992784651,0 84.87107067439572,25.64211709510306,0 
						</coordinates>
					</LinearRing>
				</outerBoundaryIs>
			</Polygon>
		</Placemark>
		<Placemark>
			<name>B</name>
			<styleUrl>#m_ylw-pushpin</styleUrl>
			<Polygon>
				<tessellate>1</tessellate>
				<outerBoundaryIs>
					<LinearRing>
						<coordinates>
							84.87078948638062,25.64336345118885,0 84.87082085153503,25.64328307654239,0 84.87082805156781,25.64328160814126,0 84.87087886649815,25.64328748364094,0 84.87085820737627,25.64335505298901,0 84.87078948638062,25.64336345118885,0 
						</coordinates>
					</LinearRing>
				</outerBoundaryIs>
			</Polygon>
		</Placemark>
		<Placemark>
			<name>B</name>
			<styleUrl>#m_ylw-pushpin</styleUrl>
			<Polygon>
				<tessellate>1</tessellate>
				<outerBoundaryIs>
					<LinearRing>
						<coordinates>
							84.87041012186955,25.64516020487438,0 84.87041586237392,25.64513641100954,0 84.87044499058084,25.64514370198665,0 84.8704458436431,25.64517926950385,0 84.87041012186955,25.64516020487438,0 
						</coordinates>
					</LinearRing>
				</outerBoundaryIs>
			</Polygon>
		</Placemark>
		<Placemark>
			<name>B</name>
			<styleUrl>#m_ylw-pushpin</styleUrl>
			<Polygon>
				<tessellate>1</tessellate>
				<outerBoundaryIs>
					<LinearRing>
						<coordinates>
							84.87039710152652,25.64527513658809,0 84.87040330621343,25.64521147791772,0 84.87044437542011,25.64522029350964,0 84.87044273529831,25.64529263507026,0 84.87039710152652,25.64527513658809,0 
						</coordinates>
					</LinearRing>
				</outerBoundaryIs>
			</Polygon>
		</Placemark>
		<Placemark>
			<name>B</name>
			<styleUrl>#m_ylw-pushpin</styleUrl>
			<Polygon>
				<tessellate>1</tessellate>
				<outerBoundaryIs>
					<LinearRing>
						<coordinates>
							84.87044550050419,25.64538934106497,0 84.87044758372565,25.64528708853998,0 84.87049307189407,25.64528642799718,0 84.8704875156135,25.64539196571962,0 84.87044550050419,25.64538934106497,0 
						</coordinates>
					</LinearRing>
				</outerBoundaryIs>
			</Polygon>
		</Placemark>
		<Placemark>
			<name>S</name>
			<styleUrl>#m_ylw-pushpin</styleUrl>
			<Polygon>
				<tessellate>1</tessellate>
				<outerBoundaryIs>
					<LinearRing>
						<coordinates>
							84.87070584531536,25.64809735939316,0 84.87107429204531,25.64790876335179,0 84.87113165074014,25.64801199673212,0 84.87079380454374,25.64820119274246,0 84.87070584531536,25.64809735939316,0 
						</coordinates>
					</LinearRing>
				</outerBoundaryIs>
			</Polygon>
		</Placemark>
		<Placemark>
			<name>S</name>
			<styleUrl>#m_ylw-pushpin</styleUrl>
			<Polygon>
				<tessellate>1</tessellate>
				<outerBoundaryIs>
					<LinearRing>
						<coordinates>
							84.87063966861822,25.64847867353623,0 84.87054032506946,25.64838860264674,0 84.87060824535355,25.64829900343331,0 84.87074918159509,25.64842612809607,0 84.87063966861822,25.64847867353623,0 
						</coordinates>
					</LinearRing>
				</outerBoundaryIs>
			</Polygon>
		</Placemark>
		<Placemark>
			<name>TEMPLE</name>
			<styleUrl>#m_ylw-pushpin</styleUrl>
			<Polygon>
				<tessellate>1</tessellate>
				<outerBoundaryIs>
					<LinearRing>
						<coordinates>
							84.87621367051705,25.65074695279489,0 84.87624594953979,25.6506341051821,0 84.87640010379941,25.6506793630383,0 84.87634006421351,25.65078168068674,0 84.87621367051705,25.65074695279489,0 
						</coordinates>
					</LinearRing>
				</outerBoundaryIs>
			</Polygon>
		</Placemark>
		<Placemark>
			<name>S</name>
			<styleUrl>#m_ylw-pushpin</styleUrl>
			<Polygon>
				<tessellate>1</tessellate>
				<outerBoundaryIs>
					<LinearRing>
						<coordinates>
							84.8795958873755,25.65193013264416,0 84.87971659361887,25.65175919748736,0 84.87986096451584,25.65181363205581,0 84.87975215948295,25.651989117509,0 84.8795958873755,25.65193013264416,0 
						</coordinates>
					</LinearRing>
				</outerBoundaryIs>
			</Polygon>
		</Placemark>
		<Placemark>
			<name>S</name>
			<styleUrl>#m_ylw-pushpin</styleUrl>
			<Polygon>
				<tessellate>1</tessellate>
				<outerBoundaryIs>
					<LinearRing>
						<coordinates>
							84.8798611207947,25.65208304945329,0 84.8799108432044,25.65195411118486,0 84.88018379422063,25.65203994616897,0 84.88014878247006,25.65214878562728,0 84.8798611207947,25.65208304945329,0 
						</coordinates>
					</LinearRing>
				</outerBoundaryIs>
			</Polygon>
		</Placemark>
		<Placemark>
			<name>B</name>
			<styleUrl>#m_ylw-pushpin</styleUrl>
			<Polygon>
				<tessellate>1</tessellate>
				<outerBoundaryIs>
					<LinearRing>
						<coordinates>
							84.88506895337288,25.65244581477596,0 84.88503565581127,25.65228812313474,0 84.88505236384162,25.65228817757123,0 84.88506429443336,25.65228821650688,0 84.88524528831599,25.65227607097611,0 84.88526417386865,25.65244823394159,0 84.88506895337288,25.65244581477596,0 
						</coordinates>
					</LinearRing>
				</outerBoundaryIs>
			</Polygon>
		</Placemark>
		<Placemark>
			<name>B</name>
			<styleUrl>#m_ylw-pushpin</styleUrl>
			<Polygon>
				<tessellate>1</tessellate>
				<outerBoundaryIs>
					<LinearRing>
						<coordinates>
							84.89886746034631,25.65001591365256,0 84.89885289544254,25.64992823343385,0 84.89887669327702,25.64991664937689,0 84.89890037800244,25.65000929207532,0 84.89886746034631,25.65001591365256,0 
						</coordinates>
					</LinearRing>
				</outerBoundaryIs>
			</Polygon>
		</Placemark>
		<Placemark>
			<name>B</name>
			<styleUrl>#m_ylw-pushpin</styleUrl>
			<Polygon>
				<tessellate>1</tessellate>
				<outerBoundaryIs>
					<LinearRing>
						<coordinates>
							84.89882046985454,25.65001624142748,0 84.89881156788711,25.64994096141756,0 84.89883445294571,25.64993344149176,0 84.89885448369158,25.65000412928409,0 84.89882046985454,25.65001624142748,0 
						</coordinates>
					</LinearRing>
				</outerBoundaryIs>
			</Polygon>
		</Placemark>
		<Placemark>
			<name>B</name>
			<styleUrl>#m_ylw-pushpin</styleUrl>
			<Polygon>
				<tessellate>1</tessellate>
				<outerBoundaryIs>
					<LinearRing>
						<coordinates>
							84.8986265702797,25.64998058943701,0 84.89862596792317,25.6499460358939,0 84.89873073146173,25.64994089097834,0 84.89876562491276,25.64999961588249,0 84.8986265702797,25.64998058943701,0 
						</coordinates>
					</LinearRing>
				</outerBoundaryIs>
			</Polygon>
		</Placemark>
		<Placemark>
			<name>TEMPLE</name>
			<styleUrl>#m_ylw-pushpin</styleUrl>
			<Polygon>
				<tessellate>1</tessellate>
				<outerBoundaryIs>
					<LinearRing>
						<coordinates>
							84.92350659681331,25.65118217745229,0 84.9233639789832,25.65116800577333,0 84.92340133433481,25.65105480583372,0 84.92366552218954,25.6511064323781,0 84.92366738155499,25.65118339057512,0 84.92350659681331,25.65118217745229,0 
						</coordinates>
					</LinearRing>
				</outerBoundaryIs>
			</Polygon>
		</Placemark>
		<Placemark>
			<name>B</name>
			<styleUrl>#m_ylw-pushpin</styleUrl>
			<Polygon>
				<tessellate>1</tessellate>
				<outerBoundaryIs>
					<LinearRing>
						<coordinates>
							84.92447769215622,25.65156216868789,0 84.92447453709573,25.65148595638148,0 84.92451708786096,25.65148210008186,0 84.92451177040802,25.6515802955531,0 84.92447769215622,25.65156216868789,0 
						</coordinates>
					</LinearRing>
				</outerBoundaryIs>
			</Polygon>
		</Placemark>
		<Placemark>
			<name>B</name>
			<styleUrl>#m_ylw-pushpin</styleUrl>
			<Polygon>
				<tessellate>1</tessellate>
				<outerBoundaryIs>
					<LinearRing>
						<coordinates>
							84.92482414348932,25.65164510297886,0 84.92485555717104,25.65148353505416,0 84.92492778623554,25.65149567694544,0 84.92490042693329,25.65163894186696,0 84.92482414348932,25.65164510297886,0 
						</coordinates>
					</LinearRing>
				</outerBoundaryIs>
			</Polygon>
		</Placemark>
		<Placemark>
			<name>B</name>
			<styleUrl>#m_ylw-pushpin</styleUrl>
			<Polygon>
				<tessellate>1</tessellate>
				<outerBoundaryIs>
					<LinearRing>
						<coordinates>
							84.92571911046035,25.65174898172605,0 84.9257195637779,25.6517377589971,0 84.92583778049435,25.6515213089046,0 84.92591508721917,25.65154216347622,0 84.92582082112227,25.65175564660444,0 84.92571911046035,25.65174898172605,0 
						</coordinates>
					</LinearRing>
				</outerBoundaryIs>
			</Polygon>
		</Placemark>
		<Placemark>
			<name>B</name>
			<styleUrl>#m_ylw-pushpin</styleUrl>
			<Polygon>
				<tessellate>1</tessellate>
				<outerBoundaryIs>
					<LinearRing>
						<coordinates>
							84.92593401432727,25.65178913716573,0 84.92598330244559,25.65159679592767,0 84.92602321885701,25.65155265109208,0 84.92608407309528,25.65155961680475,0 84.92602251729681,25.6518080588089,0 84.92593401432727,25.65178913716573,0 
						</coordinates>
					</LinearRing>
				</outerBoundaryIs>
			</Polygon>
		</Placemark>
		<Placemark>
			<name>B</name>
			<styleUrl>#m_ylw-pushpin</styleUrl>
			<Polygon>
				<tessellate>1</tessellate>
				<outerBoundaryIs>
					<LinearRing>
						<coordinates>
							84.92590657193787,25.65162177860331,0 84.92592842117483,25.65153517094773,0 84.9259966292949,25.65154914972224,0 84.92595828048934,25.65163790144862,0 84.92590657193787,25.65162177860331,0 
						</coordinates>
					</LinearRing>
				</outerBoundaryIs>
			</Polygon>
		</Placemark>
		<Placemark>
			<name>TEMPLE</name>
			<styleUrl>#m_ylw-pushpin</styleUrl>
			<Polygon>
				<tessellate>1</tessellate>
				<outerBoundaryIs>
					<LinearRing>
						<coordinates>
							84.92697853106982,25.65208485459836,0 84.92697850629514,25.65204113262224,0 84.92703125694827,25.65204148853261,0 84.92703161319277,25.65207949307219,0 84.92697853106982,25.65208485459836,0 
						</coordinates>
					</LinearRing>
				</outerBoundaryIs>
			</Polygon>
		</Placemark>
		<Placemark>
			<name>TEMPLE</name>
			<styleUrl>#m_ylw-pushpin</styleUrl>
			<Polygon>
				<tessellate>1</tessellate>
				<outerBoundaryIs>
					<LinearRing>
						<coordinates>
							84.92859442211935,25.652056427056,0 84.92861849294688,25.65190052313287,0 84.92868631052858,25.65190265947122,0 84.92865068236937,25.65206044121987,0 84.92859442211935,25.652056427056,0 
						</coordinates>
					</LinearRing>
				</outerBoundaryIs>
			</Polygon>
		</Placemark>
		<Placemark>
			<name>TEMPLE</name>
			<styleUrl>#m_ylw-pushpin</styleUrl>
			<Polygon>
				<tessellate>1</tessellate>
				<outerBoundaryIs>
					<LinearRing>
						<coordinates>
							84.9286751973266,25.65205549757948,0 84.92869187410022,25.65189771736372,0 84.92884473662086,25.65189869658743,0 84.92884115002734,25.65204344526785,0 84.9286751973266,25.65205549757948,0 
						</coordinates>
					</LinearRing>
				</outerBoundaryIs>
			</Polygon>
		</Placemark>
		<Placemark>
			<name>TEMPLE</name>
			<styleUrl>#m_ylw-pushpin</styleUrl>
			<Polygon>
				<tessellate>1</tessellate>
				<outerBoundaryIs>
					<LinearRing>
						<coordinates>
							84.9286756975647,25.65187123017666,0 84.92869103676206,25.65179069349402,0 84.92885297992815,25.65183303027801,0 84.92883712615539,25.65188204694246,0 84.9286756975647,25.65187123017666,0 
						</coordinates>
					</LinearRing>
				</outerBoundaryIs>
			</Polygon>
		</Placemark>
		<Placemark>
			<name>brick kiln</name>
			<styleUrl>#m_ylw-pushpin</styleUrl>
			<Polygon>
				<tessellate>1</tessellate>
				<outerBoundaryIs>
					<LinearRing>
						<coordinates>
							84.936288666742,25.65531471497937,0 84.9360543039022,25.65466327482768,0 84.93600980020352,25.6544328873762,0 84.93591298895463,25.65357465696031,0 84.93665026393617,25.65358881427275,0 84.93665825530832,25.65423182220324,0 84.93670391683465,25.6545243956801,0 84.93683638337006,25.65507414986622,0 84.936288666742,25.65531471497937,0 
						</coordinates>
					</LinearRing>
				</outerBoundaryIs>
			</Polygon>
		</Placemark>
		<Placemark>
			<name>brick kiln</name>
			<styleUrl>#m_ylw-pushpin</styleUrl>
			<Polygon>
				<tessellate>1</tessellate>
				<outerBoundaryIs>
					<LinearRing>
						<coordinates>
							84.93785422894773,25.65478305394597,0 84.93779677283939,25.65441667914883,0 84.93776587087706,25.6541434297181,0 84.937798693868,25.65370166410219,0 84.93779965150894,25.6536887729551,0 84.9378608966322,25.65358643987403,0 84.93842910034716,25.65360903698175,0 84.93838356440871,25.65397064964093,0 84.93841299157249,25.65426057367129,0 84.9384129842803,25.65427181939913,0 84.93841296934441,25.65429437516284,0 84.93846235624559,25.65459624347974,0 84.93847356419879,25.65469391550312,0 84.93785422894773,25.65478305394597,0 
						</coordinates>
					</LinearRing>
				</outerBoundaryIs>
			</Polygon>
		</Placemark>
		<Placemark>
			<name>b</name>
			<styleUrl>#m_ylw-pushpin</styleUrl>
			<Polygon>
				<tessellate>1</tessellate>
				<outerBoundaryIs>
					<LinearRing>
						<coordinates>
							84.93851610387431,25.65468988604113,0 84.93843486019981,25.65387046146698,0 84.9384482251828,25.6537329373184,0 84.93882231529055,25.65381041109517,0 84.93893057464767,25.65382059766779,0 84.93900836265287,25.65394349947826,0 84.93906556852954,25.65459560654799,0 84.93851610387431,25.65468988604113,0 
						</coordinates>
					</LinearRing>
				</outerBoundaryIs>
			</Polygon>
		</Placemark>
		<Placemark>
			<name>b</name>
			<styleUrl>#m_ylw-pushpin</styleUrl>
			<Polygon>
				<tessellate>1</tessellate>
				<outerBoundaryIs>
					<LinearRing>
						<coordinates>
							84.9388282168529,25.65377165905288,0 84.9388383513062,25.65358290716671,0 84.93918913370801,25.65366309859751,0 84.93918667397841,25.65380159145765,0 84.9388282168529,25.65377165905288,0 
						</coordinates>
					</LinearRing>
				</outerBoundaryIs>
			</Polygon>
		</Placemark>
		<Placemark>
			<name>b</name>
			<styleUrl>#m_ylw-pushpin</styleUrl>
			<Polygon>
				<tessellate>1</tessellate>
				<outerBoundaryIs>
					<LinearRing>
						<coordinates>
							84.93913243874113,25.65456287867187,0 84.93899771000723,25.65380599952408,0 84.93990399268085,25.65384308075603,0 84.93996536757599,25.65437930624393,0 84.93913243874113,25.65456287867187,0 
						</coordinates>
					</LinearRing>
				</outerBoundaryIs>
			</Polygon>
		</Placemark>
		<Placemark>
			<name>brick kiln</name>
			<styleUrl>#m_ylw-pushpin</styleUrl>
			<Polygon>
				<tessellate>1</tessellate>
				<outerBoundaryIs>
					<LinearRing>
						<coordinates>
							84.94236824535994,25.65468146979413,0 84.94238452504112,25.65443209010516,0 84.94239075317066,25.65443908684937,0 84.94260301163489,25.65445921156677,0 84.94259362855239,25.65446621228159,0 84.94257975852184,25.65469247956327,0 84.94236824535994,25.65468146979413,0 
						</coordinates>
					</LinearRing>
				</outerBoundaryIs>
			</Polygon>
		</Placemark>
		<Placemark>
			<name>brick kiln</name>
			<styleUrl>#m_ylw-pushpin</styleUrl>
			<Polygon>
				<tessellate>1</tessellate>
				<outerBoundaryIs>
					<LinearRing>
						<coordinates>
							84.94275438021148,25.65477066664073,0 84.94275733125521,25.65447494771822,0 84.94304141371022,25.65445986886601,0 84.9430916963216,25.6547751903689,0 84.94275438021148,25.65477066664073,0 
						</coordinates>
					</LinearRing>
				</outerBoundaryIs>
			</Polygon>
		</Placemark>
		<Placemark>
			<name>brick kiln</name>
			<styleUrl>#m_ylw-pushpin</styleUrl>
			<Polygon>
				<tessellate>1</tessellate>
				<outerBoundaryIs>
					<LinearRing>
						<coordinates>
							84.94418150235802,25.65453376800453,0 84.94402906601121,25.65436354234977,0 84.9440096391898,25.65434549738097,0 84.94400035637594,25.6543342694,0 84.94398994564455,25.65432980827288,0 84.94397770925524,25.65432312044273,0 84.94394738020306,25.654269834488,0 84.94394341280469,25.65425641138013,0 84.94393857645947,25.65424750670338,0 84.94394347588468,25.65415796127038,0 84.94394635857455,25.6541431458378,0 84.94395004028671,25.65412422309998,0 84.94395288509241,25.65410960222776,0 84.94395466535968,25.65410111558245,0 84.94396992571478,25.65407982242036,0 84.94397763668363,25.65407349907387,0 84.94398697638344,25.65406932672752,0 84.9445012634996,25.65406580627592,0 84.94451392165062,25.65406580732676,0 84.94453062145584,25.65406787363802,0 84.94453466805771,25.65406994062806,0 84.94455316944844,25.65407614748311,0 84.94458213613122,25.65408445623538,0 84.94461104547223,25.65409490490517,0 84.94502698580568,25.65417120566639,0 84.94502920816834,25.65417550251736,0 84.94503782301028,25.65417762222395,0 84.94505088313106,25.65418620843738,0 84.94506167075392,25.65418832723215,0 84.94508985514302,25.65419692128721,0 84.94510964104759,25.65420803953748,0 84.94532239980335,25.65430406205281,0 84.94533416738471,25.65431331817776,0 84.94535542338474,25.65432960752392,0 84.94536267212074,25.65433660094518,0 84.94539742102963,25.65437653406414,0 84.94539850203125,25.65438829774698,0 84.94539842290853,25.65441196544201,0 84.945394967073,25.65442377725435,0 84.94538644827659,25.654456800875,0 84.9453705862166,25.65455082894562,0 84.94537111534315,25.6545580362201,0 84.94536950100168,25.65456763421024,0 84.94536841139842,25.65458454142572,0 84.94536533127774,25.65460639140039,0 84.9453636948994,25.6546161494603,0 84.9453434204153,25.65466255709689,0 84.94532942846602,25.65466477287571,0 84.94532014816919,25.65466707978038,0 84.94529686045038,25.65467166272422,0 84.94504416069448,25.65463177610166,0 84.94503015530557,25.65463164103847,0 84.94501378579574,25.65462900824827,0 84.94499505331763,25.65462141606402,0 84.94497407288401,25.65461874648764,0 84.94494380648231,25.65461845553316,0 84.94492983923274,25.65461832131125,0 84.94454791633328,25.65461006266758,0 84.94454091262082,25.65461009397978,0 84.94453157338326,25.65461013573555,0 84.94450840338745,25.65460777817399,0 84.94418150235802,25.65453376800453,0 
						</coordinates>
					</LinearRing>
				</outerBoundaryIs>
			</Polygon>
		</Placemark>
		<Placemark>
			<name>brick kiln</name>
			<styleUrl>#m_ylw-pushpin</styleUrl>
			<Polygon>
				<tessellate>1</tessellate>
				<outerBoundaryIs>
					<LinearRing>
						<coordinates>
							84.94569050301574,25.65500151708849,0 84.94572101374251,25.65476947072951,0 84.94572731439649,25.6547566504573,0 84.94572944760472,25.65474818642734,0 84.94573367844795,25.65473327752935,0 84.94573579348128,25.6547248058536,0 84.94575858921648,25.65463748528639,0 84.9457646202889,25.65463123724832,0 84.94585381295799,25.65458127096896,0 84.94586365123932,25.65457908071737,0 84.94587541234982,25.65457488206916,0 84.94588526008224,25.65457466501832,0 84.94588911601903,25.65457064908636,0 84.94589890923403,25.65456850297199,0 84.94591655602895,25.65456626401858,0 84.9459282347139,25.65456217837953,0 84.94593994890477,25.65456004312859,0 84.9459536682587,25.65455980394393,0 84.94596346122032,25.65455962451404,0 84.94596541931655,25.65455958864031,0 84.94621958149091,25.6545541941239,0 84.94622970505276,25.65455810054492,0 84.94623575186603,25.65456005733272,0 84.94624376596975,25.65456202486299,0 84.94625605263086,25.65456788008555,0 84.94626425834421,25.65457179048739,0 84.94627229994347,25.65457376645199,0 84.94629037486767,25.65457774455451,0 84.94630063937633,25.65458177726569,0 84.94631092034054,25.65458581649365,0 84.94632121803456,25.65458986226228,0 84.94632756260914,25.65459385722881,0 84.94633431694731,25.65460177917902,0 84.94633869655785,25.65460576357321,0 84.94634369450665,25.65461566355713,0 84.94635076073081,25.65462572994914,0 84.94635122154754,25.65462978035905,0 84.94635885537588,25.65464409978253,0 84.94636227481651,25.65465639110879,0 84.94636700994276,25.65466260578861,0 84.94637272138019,25.65467708405675,0 84.94637846591982,25.65469164611588,0 84.94637920054453,25.65469788553703,0 84.94638473944751,25.65471047464216,0 84.94639030367701,25.65472312205173,0 84.94639333275506,25.65473154743191,0 84.94639942052235,25.65474848126303,0 84.9464047896776,25.6547591561102,0 84.94640605541402,25.65476978233412,0 84.94640834666644,25.65478901839776,0 84.94641180243721,25.65480001520283,0 84.94641649354536,25.65482009220986,0 84.94641854252978,25.65483578377686,0 84.94641971919037,25.6548447955657,0 84.94642090038585,25.65485384060198,0 84.94641666061426,25.65486959421654,0 84.94641362343266,25.65487862582528,0 84.9464090471113,25.6548922339664,0 84.94640386419871,25.6549012937782,0 84.9463968253381,25.65491264190558,0 84.94638918479993,25.65491938411989,0 84.94637597600307,25.65493297571344,0 84.94637013629251,25.65493748445882,0 84.9463581562508,25.65494417752855,0 84.94634801737121,25.65494859210271,0 84.94633786260376,25.65495301358582,0 84.94632178607871,25.65496199107831,0 84.94630515523141,25.6549662426585,0 84.94629087870094,25.65497291099336,0 84.9462806388493,25.65497737688537,0 84.94627038081238,25.65498184418643,0 84.94625796135436,25.65498626616954,0 84.94624530739718,25.65498832219131,0 84.94623070928441,25.65499270108909,0 84.94621823770615,25.65499713908819,0 84.94620789667749,25.65500163672072,0 84.9461889371992,25.65500592902731,0 84.94617659100513,25.65501277845908,0 84.9461618991473,25.65501725828781,0 84.94614325203256,25.65502659573299,0 84.94613282676268,25.65503125792049,0 84.94611609158413,25.65503831319064,0 84.9460890875698,25.65505137922252,0 84.94607023201299,25.65505934186736,0 84.94605748920078,25.65506221515527,0 84.94604040643881,25.65506512679671,0 84.94601904244934,25.65507027418739,0 84.94598013526927,25.65507084626583,0 84.94592605636659,25.65507184657287,0 84.94587407678853,25.65507305658139,0 84.94583066739369,25.65507365510236,0 84.94580461100792,25.65507641532399,0 84.94569050301574,25.65500151708849,0 
						</coordinates>
					</LinearRing>
				</outerBoundaryIs>
			</Polygon>
		</Placemark>
		<Placemark>
			<name>brick kiln</name>
			<styleUrl>#m_ylw-pushpin</styleUrl>
			<Polygon>
				<tessellate>1</tessellate>
				<outerBoundaryIs>
					<LinearRing>
						<coordinates>
							84.9451751099524,25.65390106606709,0 84.94519659458791,25.65365663901982,0 84.94519874185507,25.65364969856124,0 84.94519907379875,25.65364280850334,0 84.94532251024505,25.65358597429222,0 84.94532428120928,25.65358596757889,0 84.94542342081259,25.65359889416952,0 84.94555628516737,25.65359912602939,0 84.94571817704737,25.65366460325732,0 84.94596498745376,25.6538011132565,0 84.94597092431619,25.65380308344118,0 84.94597742727028,25.65380883626878,0 84.9462632969757,25.65398024773236,0 84.94626441751515,25.65398621958834,0 84.9462634708799,25.65400218408517,0 84.94626459702435,25.65400821245222,0 84.94626610325348,25.65401627472285,0 84.94618287537297,25.65431326962523,0 84.94617723622248,25.65431766518367,0 84.94617188706913,25.65432425370739,0 84.94616497230176,25.6543351535475,0 84.94591360704541,25.65433434945621,0 84.94589892534488,25.65433441375733,0 84.94525899689732,25.65424791821925,0 84.9451751099524,25.65390106606709,0 
						</coordinates>
					</LinearRing>
				</outerBoundaryIs>
			</Polygon>
		</Placemark>
		<Placemark>
			<name>brick kiln</name>
			<styleUrl>#m_ylw-pushpin</styleUrl>
			<Polygon>
				<tessellate>1</tessellate>
				<outerBoundaryIs>
					<LinearRing>
						<coordinates>
							84.94626416689083,25.65430706981581,0 84.9463665326678,25.65390729441278,0 84.94667544000278,25.65389080444542,0 84.94700070088795,25.6539229080213,0 84.94701510468636,25.65392302110961,0 84.94703851441167,25.6539232049692,0 84.94734445493128,25.65395218727173,0 84.94737767154585,25.65397549110152,0 84.94737828652535,25.65397904127063,0 84.94742109416073,25.65412526538685,0 84.94742366741789,25.65412909687842,0 84.94742536125077,25.65413867071034,0 84.94742842969573,25.65415601442234,0 84.94743325372021,25.65418328068187,0 84.94746768986707,25.65434406932052,0 84.94746881648744,25.65435040760689,0 84.94747107942048,25.65436313903803,0 84.94747172628387,25.65437807333825,0 84.94743775933703,25.65450422854121,0 84.94742844114258,25.65451080191779,0 84.9474184243776,25.65451294093793,0 84.94740839904027,25.65451508176064,0 84.94682281403223,25.65445198552638,0 84.94626416689083,25.65430706981581,0 
						</coordinates>
					</LinearRing>
				</outerBoundaryIs>
			</Polygon>
		</Placemark>
		<Placemark>
			<name>brick kiln</name>
			<styleUrl>#m_ylw-pushpin</styleUrl>
			<Polygon>
				<tessellate>1</tessellate>
				<outerBoundaryIs>
					<LinearRing>
						<coordinates>
							84.94656439709853,25.65536066423485,0 84.94675150577062,25.655032955892,0 84.94679929063633,25.65501106196475,0 84.94683673624152,25.65498901195413,0 84.94686768719578,25.65497111803624,0 84.94688621683702,25.65495921640951,0 84.94689237510987,25.65495525931837,0 84.9473450058893,25.65486310254695,0 84.94735680780801,25.65486334058654,0 84.94737255015676,25.65486365819465,0 84.94738633080655,25.65486393614832,0 84.94739223857459,25.65486405528352,0 84.94740470972955,25.65494394174786,0 84.94740529444852,25.65495409307604,0 84.94744188709582,25.65529502371101,0 84.94744230346139,25.65530197270266,0 84.94727151340767,25.65532088698454,0 84.94725440714923,25.65532287622315,0 84.94724158358183,25.6553249417682,0 84.94723098585216,25.65533163714083,0 84.94722239405294,25.65533148593214,0 84.9472074295541,25.6553358185634,0 84.94663463599684,25.65548638514149,0 84.94661594606609,25.65549846367209,0 84.94656439709853,25.65536066423485,0 
						</coordinates>
					</LinearRing>
				</outerBoundaryIs>
			</Polygon>
		</Placemark>
		<Placemark>
			<name>brick kiln</name>
			<styleUrl>#m_ylw-pushpin</styleUrl>
			<Polygon>
				<tessellate>1</tessellate>
				<outerBoundaryIs>
					<LinearRing>
						<coordinates>
							84.94759853019923,25.65448112243405,0 84.94759820198506,25.65446978308242,0 84.94759898564124,25.65446414943641,0 84.94760002742642,25.65445665984285,0 84.94760162121099,25.65444541828839,0 84.94760327392831,25.65443413832791,0 84.94760519101891,25.65442105434157,0 84.94760736750131,25.65440620040418,0 84.94760954944823,25.65439142251793,0 84.94761335054504,25.65437853935617,0 84.94761740000388,25.65436391288127,0 84.94762115079645,25.65435120305433,0 84.94762645688766,25.65434039100892,0 84.94763199804393,25.65432784455654,0 84.94763959870737,25.65431361256242,0 84.94764297743973,25.65430298478704,0 84.94765231528156,25.65428894381857,0 84.94765877939416,25.65428197584773,0 84.94766620333914,25.65426806172588,0 84.9476689915808,25.65426113252221,0 84.94767791792364,25.65424908638444,0 84.94768404966378,25.65424395868526,0 84.94769469235538,25.65423202702087,0 84.94770504636492,25.65422186446077,0 84.94771512739935,25.6542134439675,0 84.94772337607483,25.65420505043461,0 84.94773116652458,25.65420004684634,0 84.94773914457052,25.65419338293889,0 84.94774511094778,25.65418839896303,0 84.94775881149293,25.65417842819499,0 84.94777401936614,25.65417017153505,0 84.94778365614992,25.65416358500234,0 84.94779661262196,25.65415867822148,0 84.94780264666601,25.65415212141266,0 84.94781923914091,25.65414562078724,0 84.94782839397308,25.65414238202414,0 84.94784475776665,25.65413750627803,0 84.94786636680679,25.65413262415121,0 84.94788762424332,25.65413099770456,0 84.9479229084716,25.65412937113733,0 84.94796329192548,25.65412936464837,0 84.94799662921099,25.65412935929044,0 84.94803000974878,25.65412914925304,0 84.94805107017935,25.65412901155288,0 84.94807561714236,25.65412885109329,0 84.94808963266249,25.65412875943792,0 84.94812280406607,25.65413176716486,0 84.94814895644889,25.65413643892154,0 84.94817341550038,25.65413950976246,0 84.94819964159407,25.65414245362866,0 84.94822587520616,25.65414701977175,0 84.9482416136009,25.65414686864426,0 84.94825735495402,25.65414833586986,0 84.94827482034626,25.65414816740044,0 84.94828703678527,25.65414804957147,0 84.94829927875872,25.65414954957177,0 84.9483132670706,25.6541510328601,0 84.94832900025668,25.65415249927808,0 84.9483412487117,25.6541539999787,0 84.94835001548653,25.65415553787211,0 84.94836414293825,25.65416030452987,0 84.9483694398299,25.65416189115558,0 84.94837305862177,25.65416512017122,0 84.9483802454796,25.65416995948452,0 84.94839101967506,25.65417641953703,0 84.94839816981771,25.65417964284559,0 84.94840724005026,25.65418614515978,0 84.94841282564747,25.65419269564208,0 84.94841692050299,25.65420425713099,0 84.94841742295328,25.65421424646988,0 84.94841784364655,25.65422260992657,0 84.94841826614648,25.65423100908301,0 84.9484187754793,25.65424113555111,0 84.9484194587402,25.65425471874521,0 84.94842014663239,25.6542683955748,0 84.94842075898447,25.65428046135729,0 84.94842195016351,25.65430320983548,0 84.94842087785445,25.65431736284604,0 84.94841970583266,25.65432983514403,0 84.94841834327435,25.6543387995713,0 84.94841348022959,25.65435138637601,0 84.94841417015607,25.65436577188958,0 84.94841284686055,25.6543766366497,0 84.94841151640641,25.65438756029222,0 84.94840832459597,25.65439855188658,0 84.94840883376878,25.6544095859804,0 84.94840731220717,25.65441698428922,0 84.94840782091347,25.65442811849816,0 84.94840433576339,25.65443372741671,0 84.94840108749604,25.65444497292187,0 84.94839954206648,25.65445251737393,0 84.94839447617237,25.65446584382854,0 84.94838756339098,25.65448118978353,0 84.94838042960083,25.65449270834861,0 84.94837338742204,25.65450810759048,0 84.94836622546819,25.65452167514209,0 84.94836080696869,25.65453142032347,0 84.948349773269,25.65454710609824,0 84.94834231805544,25.65455514916309,0 84.94833670845335,25.65456121694134,0 84.94833108129414,25.65456730357115,0 84.94832345487789,25.65457146212563,0 84.94831581074617,25.65457563020345,0 84.9483023323813,25.65457993375884,0 84.94828878472934,25.65458222341066,0 84.94827327087131,25.65458455878199,0 84.94825382081837,25.65458497845376,0 84.94822460822355,25.6545856087686,0 84.94818558781336,25.65458645068023,0 84.94814456524321,25.65458532059297,0 84.94812112626367,25.65458374690661,0 84.9480802450901,25.65457647992003,0 84.94804710665605,25.65457307331793,0 84.94802181544996,25.65456953181987,0 84.94800819674158,25.65456777890727,0 84.94799263915105,25.65456598222327,0 84.94796753447817,25.65456031011878,0 84.94793271606591,25.65455470472805,0 84.94791165769179,25.6545488886972,0 84.94789815342894,25.65454697242294,0 84.94788480497358,25.654543103166,0 84.94787731512508,25.65453922268521,0 84.94786594815501,25.65453535972918,0 84.94785638314811,25.65453344175378,0 84.94783938292692,25.65452766285411,0 84.94783162364308,25.65452765984109,0 84.94781825795388,25.65452561853391,0 84.94780472442331,25.65452551531022,0 84.94779312503447,25.6545254268259,0 84.94777766039277,25.65452530886152,0 84.94776452584304,25.65452133572791,0 84.94774714608992,25.6545212033437,0 84.94773749140356,25.65452112978963,0 84.94772399130829,25.65452099618219,0 84.9477143534795,25.65452089304821,0 84.94770086246515,25.65452074875596,0 84.94769508125107,25.65452068688481,0 84.94768352009487,25.65452056322767,0 84.94767003412176,25.65452041897366,0 84.94766449226141,25.65451843268805,0 84.94759853019923,25.65448112243405,0 
						</coordinates>
					</LinearRing>
				</outerBoundaryIs>
			</Polygon>
		</Placemark>
		<Placemark>
			<name>brick kiln</name>
			<styleUrl>#m_ylw-pushpin</styleUrl>
			<Polygon>
				<tessellate>1</tessellate>
				<outerBoundaryIs>
					<LinearRing>
						<coordinates>
							84.94838392888614,25.65457355229006,0 84.94842091393738,25.65418371182478,0 84.94892202978608,25.65425757855623,0 84.94884795956752,25.65460877034321,0 84.94838392888614,25.65457355229006,0 
						</coordinates>
					</LinearRing>
				</outerBoundaryIs>
			</Polygon>
		</Placemark>
		<Placemark>
			<name>brick kiln</name>
			<styleUrl>#m_ylw-pushpin</styleUrl>
			<Polygon>
				<tessellate>1</tessellate>
				<outerBoundaryIs>
					<LinearRing>
						<coordinates>
							84.94842224580631,25.65493681561485,0 84.94839182710452,25.65466839096605,0 84.94864971952883,25.65468173242775,0 84.94866825138874,25.65482745225093,0 84.94915071363869,25.65490998853059,0 84.94910144491452,25.65515875190958,0 84.94859560656786,25.65507117049988,0 84.94842224580631,25.65493681561485,0 
						</coordinates>
					</LinearRing>
				</outerBoundaryIs>
			</Polygon>
		</Placemark>
		<Placemark>
			<name>brick kiln</name>
			<styleUrl>#m_ylw-pushpin</styleUrl>
			<Polygon>
				<tessellate>1</tessellate>
				<outerBoundaryIs>
					<LinearRing>
						<coordinates>
							84.9488801312194,25.65460613224219,0 84.94895244006825,25.65427678672159,0 84.94953282871276,25.65430985756219,0 84.94952073466051,25.65462806990405,0 84.9488801312194,25.65460613224219,0 
						</coordinates>
					</LinearRing>
				</outerBoundaryIs>
			</Polygon>
		</Placemark>
		<Placemark>
			<name>brick kiln</name>
			<styleUrl>#m_ylw-pushpin</styleUrl>
			<Polygon>
				<tessellate>1</tessellate>
				<outerBoundaryIs>
					<LinearRing>
						<coordinates>
							84.94922043300805,25.65508243569104,0 84.94917874635058,25.65478176300681,0 84.95001662451287,25.65487625328128,0 84.9500942652417,25.65513050244191,0 84.94922043300805,25.65508243569104,0 
						</coordinates>
					</LinearRing>
				</outerBoundaryIs>
			</Polygon>
		</Placemark>
		<Placemark>
			<name>brick kiln</name>
			<styleUrl>#m_ylw-pushpin</styleUrl>
			<Polygon>
				<tessellate>1</tessellate>
				<outerBoundaryIs>
					<LinearRing>
						<coordinates>
							84.94986619851208,25.6546955866891,0 84.9496950337669,25.65429117912088,0 84.95007608907009,25.65424095629897,0 84.95037829960498,25.65427100306729,0 84.95072471509168,25.65432282251254,0 84.95097993875095,25.65445733354538,0 84.9508600530108,25.65473424716428,0 84.95041401422473,25.65478243905253,0 84.94986619851208,25.6546955866891,0 
						</coordinates>
					</LinearRing>
				</outerBoundaryIs>
			</Polygon>
		</Placemark>
		<Placemark>
			<name>brick kiln</name>
			<styleUrl>#m_ylw-pushpin</styleUrl>
			<Polygon>
				<tessellate>1</tessellate>
				<outerBoundaryIs>
					<LinearRing>
						<coordinates>
							84.95128647373355,25.65458158869863,0 84.95196638652136,25.65465530391883,0 84.95198855573291,25.65491420858554,0 84.95143668826593,25.65482279480049,0 84.95110893442576,25.6547926596058,0 84.95087823749604,25.65473268415366,0 84.95101052337382,25.65449202401461,0 84.95128647373355,25.65458158869863,0 
						</coordinates>
					</LinearRing>
				</outerBoundaryIs>
			</Polygon>
		</Placemark>
		<Placemark>
			<name>brick kiln</name>
			<styleUrl>#m_ylw-pushpin</styleUrl>
			<Polygon>
				<tessellate>1</tessellate>
				<outerBoundaryIs>
					<LinearRing>
						<coordinates>
							84.95290278909303,25.65588394512298,0 84.95291141797307,25.6558735937079,0 84.95291485039606,25.65586332106438,0 84.95292405586993,25.65584538748939,0 84.95293260449125,25.65583515209759,0 84.95294667656148,25.65581980857335,0 84.95295541119056,25.65580697189125,0 84.95296350422129,25.6558018115188,0 84.95297218112078,25.65578904642658,0 84.95297532922636,25.65578142879648,0 84.95298376178627,25.65577126399251,0 84.95299249762509,25.65575625341818,0 84.95299811280931,25.6557487847403,0 84.95300930575767,25.65573389714049,0 84.95301757853501,25.65572401580935,0 84.95302313901036,25.65571661864413,0 84.95302903546673,25.65570429844113,0 84.95303991649594,25.65569206543113,0 84.95305075769126,25.65567987721276,0 84.95306670684052,25.65566533483259,0 84.95308289472395,25.65564599343907,0 84.95309080630669,25.65563877517044,0 84.95309607107806,25.65563397180328,0 84.95311167657465,25.65562201424624,0 84.95312447550148,25.65561489471255,0 84.95313216564378,25.65561016050551,0 84.95314712823667,25.65560789884293,0 84.95315972410749,25.65560325993972,0 84.95317228402807,25.6555987059937,0 84.95318482907913,25.65559415747052,0 84.95320206570648,25.65559447841131,0 84.95321694767917,25.65559236584923,0 84.95322689862518,25.65559016271197,0 84.9532441391424,25.65559048278579,0 84.95325892212445,25.65559075723143,0 84.95327888047146,25.65558396255057,0 84.95328873267385,25.65558414103662,0 84.95330351501029,25.65558440884143,0 84.95332822484588,25.65558246981337,0 84.95334805795449,25.65557802676005,0 84.95336284538328,25.65557826617979,0 84.95338010264557,25.65557854560425,0 84.95339497315639,25.65557402612176,0 84.953409762947,25.65557426492691,0 84.95342707454564,25.6555697555782,0 84.95344188313264,25.65556755848459,0 84.95345420453373,25.65556771328741,0 84.95347640913597,25.65556085118271,0 84.95348872228578,25.6555610053274,0 84.95349611112958,25.65556109778102,0 84.95351335275807,25.65556127014124,0 84.95352813300985,25.65556141088753,0 84.95355030660559,25.65556162200272,0 84.95356262693565,25.65556173930724,0 84.95357494848798,25.65556185667434,0 84.95358726883511,25.65556195135288,0 84.95360205086435,25.6555620360126,0 84.9536143694053,25.655562106528,0 84.9536340796359,25.65556221937185,0 84.95365379025151,25.65556233224273,0 84.95366364580583,25.65556238864429,0 84.95368333710056,25.65556239322515,0 84.95369809494188,25.65556235324301,0 84.95371530867386,25.65556230665622,0 84.95373251865703,25.65556226010548,0 84.95374736317864,25.65556460766777,0 84.95375759859446,25.6555741484989,0 84.95375769904345,25.65557654494186,0 84.95375593476604,25.65559337880785,0 84.95374901235539,25.65560547561017,0 84.95373462295996,25.65561764299477,0 84.953725145707,25.65562984397581,0 84.95372283643128,25.65563473321912,0 84.95371571593928,25.65564454299244,0 84.95370117046613,25.65565688921336,0 84.95368413241944,25.65567174036244,0 84.95367180103877,25.65567906949114,0 84.95365955816669,25.65569130777665,0 84.95364967145872,25.65569864331176,0 84.95364228410081,25.6557060205125,0 84.95363488028889,25.65571341415053,0 84.95362993520946,25.65571835241114,0 84.95361500974494,25.65573070457586,0 84.95360505672718,25.65574064009532,0 84.95359503529934,25.65574808231692,0 84.95359006680435,25.65575554945135,0 84.95358254425618,25.65576299737909,0 84.95357260512428,25.65578308213665,0 84.95356258153193,25.65580073601612,0 84.95355504656723,25.65581595673407,0 84.95355004150696,25.65583120823116,0 84.95354760320153,25.65584906601057,0 84.95354771485324,25.65586447762054,0 84.95354780701852,25.65587734954714,0 84.95354793433582,25.65589540765816,0 84.95354802564195,25.65590836253214,0 84.95354809892743,25.65591876034791,0 84.95354298057651,25.65593170004994,0 84.95353520719443,25.65593939533478,0 84.95353261250111,25.65594196393291,0 84.95352218922993,25.65594438286541,0 84.95350393798951,25.65595190092029,0 84.9534908783976,25.65595952526669,0 84.9534830240913,25.6559672669479,0 84.9534777789342,25.65597243685375,0 84.95346991824243,25.6559749053986,0 84.9534463094794,25.65598231630686,0 84.95343057274651,25.65598461660163,0 84.95341482987332,25.65598691782026,0 84.95338852482747,25.65599429002802,0 84.95337804332064,25.6559940584265,0 84.95336494475373,25.65599376896174,0 84.9533544685505,25.65599353744364,0 84.95334393719611,25.65599597536157,0 84.95332037191075,25.65599544221896,0 84.95331513708098,25.65599532131224,0 84.95329420402462,25.65599483770836,0 84.95326805145635,25.65599423544065,0 84.95323407546536,25.65599345885364,0 84.95319773365698,25.65598733268782,0 84.95317698736278,25.65598421549864,0 84.95315365676116,25.65598106838794,0 84.95314321246242,25.65598097490205,0 84.95313303484683,25.65597560658482,0 84.95312259925426,25.65597551330286,0 84.95310969704707,25.65597276240432,0 84.95309434546336,25.65596736016427,0 84.95308392334969,25.65596726720723,0 84.95307365621441,25.65596454607312,0 84.9530555873537,25.65596175754986,0 84.95304777796042,25.65596168796363,0 84.95303770065217,25.65595634916757,0 84.95302746769545,25.65595363657553,0 84.95300460692067,25.65594558054727,0 84.95299421985113,25.65594548844601,0 84.95297115691335,25.65594029663529,0 84.95295829922129,25.65593781323759,0 84.95294524615102,25.65593794197575,0 84.95293239617,25.65593545944406,0 84.95292978544499,25.65593548512173,0 84.95290278909303,25.65588394512298,0 
						</coordinates>
					</LinearRing>
				</outerBoundaryIs>
			</Polygon>
		</Placemark>
		<Placemark>
			<name>brick kiln</name>
			<styleUrl>#m_ylw-pushpin</styleUrl>
			<Polygon>
				<tessellate>1</tessellate>
				<outerBoundaryIs>
					<LinearRing>
						<coordinates>
							84.95527647788967,25.65635333192029,0 84.9552789370852,25.65633393435495,0 84.95528328137992,25.65630118110967,0 84.9552871575597,25.65627195715896,0 84.95529142819539,25.65623976338591,0 84.95529482308055,25.65621420251263,0 84.95529651143778,25.65620149108429,0 84.95529861319855,25.65618566596851,0 84.95530199102058,25.65616041520328,0 84.95530654530295,25.65614774072439,0 84.9553110826561,25.65613511353844,0 84.95531365514137,25.65611623498784,0 84.95532095408583,25.65610374214302,0 84.95532436373394,25.65607874932019,0 84.95533567173291,25.65605704784667,0 84.95534566824951,25.65604472137345,0 84.95535244824033,25.65603550477154,0 84.95552599035574,25.65601821250884,0 84.95552920608621,25.65609247083729,0 84.95546311976626,25.6563418230167,0 84.95536323733253,25.65643217369105,0 84.95527647788967,25.65635333192029,0 
						</coordinates>
					</LinearRing>
				</outerBoundaryIs>
			</Polygon>
		</Placemark>
		<Placemark>
			<name>brick kiln</name>
			<styleUrl>#m_ylw-pushpin</styleUrl>
			<Polygon>
				<tessellate>1</tessellate>
				<outerBoundaryIs>
					<LinearRing>
						<coordinates>
							84.95553198549707,25.65572985576356,0 84.9555762478048,25.65493120085696,0 84.95609183728635,25.6549789086267,0 84.95645631204198,25.65500679802114,0 84.95687259509877,25.65501753989937,0 84.95702550178036,25.65504900532238,0 84.95695877870776,25.65566399693533,0 84.95696406802327,25.65591827584539,0 84.95679045779937,25.65593963837169,0 84.9567820854367,25.65593960988773,0 84.95676534063884,25.65593955285778,0 84.95670674487603,25.65593942187967,0 84.95620415120669,25.65593162817999,0 84.95608158474333,25.65591921645508,0 84.95553198549707,25.65572985576356,0 
						</coordinates>
					</LinearRing>
				</outerBoundaryIs>
			</Polygon>
		</Placemark>
		<Placemark>
			<name>brick kiln</name>
			<styleUrl>#m_ylw-pushpin</styleUrl>
			<Polygon>
				<tessellate>1</tessellate>
				<outerBoundaryIs>
					<LinearRing>
						<coordinates>
							84.95697209894091,25.65597864680984,0 84.95706571987375,25.6554720272053,0 84.95738540061124,25.65539685098897,0 84.95748043225379,25.65540789058166,0 84.9575095309069,25.65556367514117,0 84.95751006418368,25.65558192092314,0 84.9575109867413,25.65561348455674,0 84.95750913932618,25.65563735165155,0 84.95746211724894,25.65600243979882,0 84.95746236262902,25.65601701946938,0 84.9574331657295,25.65606110739129,0 84.95742496523765,25.6560580955819,0 84.95740317231179,25.65605501418264,0 84.95737052465105,25.65605187758346,0 84.95732706102544,25.6560427744976,0 84.95714100602375,25.65600147406819,0 84.95697209894091,25.65597864680984,0 
						</coordinates>
					</LinearRing>
				</outerBoundaryIs>
			</Polygon>
		</Placemark>
		<Placemark>
			<name>brick kiln</name>
			<styleUrl>#m_ylw-pushpin</styleUrl>
			<Polygon>
				<tessellate>1</tessellate>
				<outerBoundaryIs>
					<LinearRing>
						<coordinates>
							84.95809017226802,25.6552942943875,0 84.95820874070492,25.6552543122976,0 84.95822765452635,25.65525416876732,0 84.9582371081289,25.65525409696489,0 84.95852733186143,25.65528523048036,0 84.95893776198949,25.65532753493841,0 84.95951411777779,25.65541538497568,0 84.9595281126762,25.65578573925955,0 84.95930201808655,25.65582218920036,0 84.95912291271375,25.65585022560484,0 84.95874259831143,25.65578509264078,0 84.95830289504325,25.65573459706333,0 84.95813937585311,25.65557072071289,0 84.95812423180524,25.65554243742222,0 84.95811921964702,25.6555347737201,0 84.95809017226802,25.6552942943875,0 
						</coordinates>
					</LinearRing>
				</outerBoundaryIs>
			</Polygon>
		</Placemark>
		<Placemark>
			<name>brick kiln</name>
			<styleUrl>#m_ylw-pushpin</styleUrl>
			<Polygon>
				<tessellate>1</tessellate>
				<outerBoundaryIs>
					<LinearRing>
						<coordinates>
							84.95948883681146,25.65632473719303,0 84.95958018878002,25.65579228651475,0 84.95979961595654,25.65583921393311,0 84.95993577272301,25.65603815041339,0 84.95994623456338,25.65604494860147,0 84.96025922797918,25.65612840174027,0 84.96026575805409,25.65612842045626,0 84.96027446461845,25.65612844538284,0 84.96082784525743,25.65622157238218,0 84.96084153425063,25.65622408577387,0 84.96086228118351,25.65622907451428,0 84.96087155780609,25.65623156507299,0 84.96102696670602,25.65625626173599,0 84.96102926560098,25.65626856648221,0 84.96103203942316,25.6562834135974,0 84.96101994116228,25.65674082935438,0 84.96009976921279,25.65651350133637,0 84.96008104181763,25.65651105853106,0 84.95959015474411,25.65648365053945,0 84.95948883681146,25.65632473719303,0 
						</coordinates>
					</LinearRing>
				</outerBoundaryIs>
			</Polygon>
		</Placemark>
		<Placemark>
			<name>brick kiln</name>
			<styleUrl>#m_ylw-pushpin</styleUrl>
			<Polygon>
				<tessellate>1</tessellate>
				<outerBoundaryIs>
					<LinearRing>
						<coordinates>
							84.95999884626318,25.65600840651426,0 84.95999005421707,25.65600834852487,0 84.95974068462387,25.65581574109154,0 84.9596049529713,25.65576542234514,0 84.95960851401483,25.6553826329804,0 84.96001195023585,25.6554460346758,0 84.96002357170434,25.65544611757891,0 84.96004673622085,25.65544639564768,0 84.9604654270692,25.65545863786469,0 84.96047704947918,25.65546055155972,0 84.96078415227616,25.6555450987353,0 84.96079607778215,25.65554517512068,0 84.96094294804556,25.65557128514779,0 84.96100630117239,25.65568096375237,0 84.96100701813252,25.65568929074855,0 84.96100314396428,25.65589224597615,0 84.96099996203522,25.65590594388262,0 84.96100123242249,25.6559219557361,0 84.96099692914876,25.65594966123322,0 84.96095310529549,25.65613994304947,0 84.96094277949076,25.65615493842131,0 84.96065753568719,25.65614347543417,0 84.9602501004062,25.65609194076161,0 84.95999884626318,25.65600840651426,0 
						</coordinates>
					</LinearRing>
				</outerBoundaryIs>
			</Polygon>
		</Placemark>
		<Placemark>
			<name>brick kiln</name>
			<styleUrl>#m_ylw-pushpin</styleUrl>
			<Polygon>
				<tessellate>1</tessellate>
				<outerBoundaryIs>
					<LinearRing>
						<coordinates>
							84.96293135235045,25.65605725124055,0 84.96328308489261,25.65606672315193,0 84.96358798527081,25.65607109438179,0 84.96398970348868,25.65610285940294,0 84.96399546333076,25.65610287946943,0 84.96406582301654,25.65621055155116,0 84.96406826457677,25.65621444718533,0 84.96409808820816,25.65639625019292,0 84.96409650365895,25.6566289444455,0 84.96409771609166,25.65664033489378,0 84.96406765864812,25.65694566807216,0 84.96337930225937,25.65697522250407,0 84.96328253651164,25.6568633075175,0 84.96325425598788,25.65668172718883,0 84.96288383922202,25.65666783894581,0 84.96293135235045,25.65605725124055,0 
						</coordinates>
					</LinearRing>
				</outerBoundaryIs>
			</Polygon>
		</Placemark>
		<Placemark>
			<name>brick kiln</name>
			<styleUrl>#m_ylw-pushpin</styleUrl>
			<Polygon>
				<tessellate>1</tessellate>
				<outerBoundaryIs>
					<LinearRing>
						<coordinates>
							84.96417042367486,25.65696416167341,0 84.96412084177175,25.65643277520176,0 84.96419488081283,25.65632550757138,0 84.96441270414772,25.65630712839938,0 84.96465167596509,25.65630493336284,0 84.96474787080228,25.65628661679525,0 84.96479422200626,25.65629786880141,0 84.96480770221557,25.65700992190278,0 84.96463198961321,25.65708979701427,0 84.96462281050273,25.65708975616464,0 84.96458838852644,25.65708960316308,0 84.9642492414977,25.65705977026423,0 84.96417042367486,25.65696416167341,0 
						</coordinates>
					</LinearRing>
				</outerBoundaryIs>
			</Polygon>
		</Placemark>
		<Placemark>
			<name>brick kiln</name>
			<styleUrl>#m_ylw-pushpin</styleUrl>
			<Polygon>
				<tessellate>1</tessellate>
				<outerBoundaryIs>
					<LinearRing>
						<coordinates>
							84.96487404234396,25.65691724118057,0 84.96487503249666,25.65690942608743,0 84.96487634879307,25.65689904087033,0 84.96488811601057,25.65641131056926,0 84.96488802286926,25.65623260063385,0 84.96512053207431,25.65617689159731,0 84.9651160000507,25.6565403291982,0 84.96520290788794,25.65664539584975,0 84.96520928820705,25.65664774849626,0 84.9652178529078,25.65665011311681,0 84.96568153693761,25.65671422003606,0 84.96597072558035,25.65668684768663,0 84.96604388163526,25.65669072711452,0 84.9660288296549,25.65687966539288,0 84.96553393312627,25.65695549166367,0 84.96527087309217,25.65689100812368,0 84.96518066738126,25.65687231918758,0 84.96517401804648,25.65686968297626,0 84.9651559923294,25.65686700165555,0 84.96514025857994,25.65686434200278,0 84.96492137301165,25.65682991496122,0 84.96487404234396,25.65691724118057,0 
						</coordinates>
					</LinearRing>
				</outerBoundaryIs>
			</Polygon>
		</Placemark>
		<Placemark>
			<name>brick kiln</name>
			<styleUrl>#m_ylw-pushpin</styleUrl>
			<Polygon>
				<tessellate>1</tessellate>
				<outerBoundaryIs>
					<LinearRing>
						<coordinates>
							84.96522871095371,25.65660721742425,0 84.96512980331669,25.65629345337161,0 84.9651468078624,25.65618004243534,0 84.96515152744811,25.65617607550662,0 84.96516329416815,25.65616618527884,0 84.96518078613687,25.65615835096945,0 84.9659866003139,25.65612877383599,0 84.96611928673629,25.656320333316,0 84.9661135527835,25.65633965175506,0 84.96607335395134,25.65663511282698,0 84.96601554015626,25.65667372458649,0 84.96565788533661,25.65667326290547,0 84.96522871095371,25.65660721742425,0 
						</coordinates>
					</LinearRing>
				</outerBoundaryIs>
			</Polygon>
		</Placemark>
		<Placemark>
			<name>brick kiln</name>
			<styleUrl>#m_ylw-pushpin</styleUrl>
			<Polygon>
				<tessellate>1</tessellate>
				<outerBoundaryIs>
					<LinearRing>
						<coordinates>
							84.96607210795408,25.65702333229159,0 84.96611846567639,25.65677911170823,0 84.96617914506263,25.65654524688906,0 84.96618159799748,25.65654048164163,0 84.96648487081244,25.65642717520236,0 84.96649770704971,25.6564252971113,0 84.96650836502269,25.6564210782837,0 84.96652114816969,25.65641693182393,0 84.96652971398387,25.6564171965871,0 84.96674749952795,25.6564054626243,0 84.96698500077294,25.6564564073804,0 84.96703689999624,25.65659099445523,0 84.96703688013169,25.65661015593667,0 84.9670083839017,25.65675899046197,0 84.96700263531359,25.65676927629089,0 84.96689926012812,25.6568163149267,0 84.96689005006486,25.65681639317295,0 84.9668716526909,25.65681664739468,0 84.9668347345485,25.65681675875348,0 84.96680927289547,25.65681652860105,0 84.96678150051322,25.65681627760267,0 84.96654371382797,25.65684173351798,0 84.96653449430205,25.65684667108815,0 84.96652526606552,25.65685171971806,0 84.96650901087432,25.65685411921075,0 84.96648579215328,25.65686160141868,0 84.96644618846848,25.65686892551991,0 84.96619652779214,25.65697668557334,0 84.96607210795408,25.65702333229159,0 
						</coordinates>
					</LinearRing>
				</outerBoundaryIs>
			</Polygon>
		</Placemark>
		<Placemark>
			<name>brick kiln</name>
			<styleUrl>#m_ylw-pushpin</styleUrl>
			<Polygon>
				<tessellate>1</tessellate>
				<outerBoundaryIs>
					<LinearRing>
						<coordinates>
							84.9661753608747,25.65642002626864,0 84.96614228912954,25.65620478221284,0 84.96614088930446,25.65619467454482,0 84.96613732918279,25.65618662206104,0 84.96614521414774,25.6558748483683,0 84.96631287360108,25.65585161124368,0 84.96632046096758,25.65584983750781,0 84.96633740049749,25.65584979236245,0 84.96661949719602,25.65584554298283,0 84.96671669253597,25.65586242035157,0 84.96672904580485,25.65599359118366,0 84.96672134280229,25.65621926290495,0 84.96673085759794,25.65634126063976,0 84.9664952352844,25.6563935607378,0 84.96631753289881,25.65644664556191,0 84.96623528366119,25.65646382639792,0 84.9661753608747,25.65642002626864,0 
						</coordinates>
					</LinearRing>
				</outerBoundaryIs>
			</Polygon>
		</Placemark>
		<Placemark>
			<name>brick kiln</name>
			<styleUrl>#m_ylw-pushpin</styleUrl>
			<Polygon>
				<tessellate>1</tessellate>
				<outerBoundaryIs>
					<LinearRing>
						<coordinates>
							84.96799698788595,25.65709339184876,0 84.96787993477858,25.65682785769868,0 84.96787608794035,25.65681106705485,0 84.96787255262879,25.656792339246,0 84.96786639917582,25.65677781637354,0 84.96786407859707,25.65676548111724,0 84.96786206631815,25.65675117727896,0 84.96785539667759,25.6567409301825,0 84.96785173246454,25.65667088984118,0 84.96785097716251,25.65666293146291,0 84.96785084888693,25.65665105898529,0 84.96785333626669,25.65663536041303,0 84.96785549912892,25.65662170983659,0 84.9678587438583,25.65661393614812,0 84.96785905913477,25.65661198775303,0 84.96791645147395,25.65654903159914,0 84.96792821131507,25.65653593966048,0 84.96793992680995,25.65652289419276,0 84.96794439458166,25.65651916881963,0 84.9679527560407,25.6565154828559,0 84.96796250968352,25.65651556594356,0 84.96797226421154,25.65651564901811,0 84.96799008469837,25.65651392426553,0 84.96817220744889,25.6564909005282,0 84.96818246577403,25.65648539244893,0 84.9681964111668,25.65648175971584,0 84.96821421355425,25.656478150423,0 84.9682240730517,25.65647635241251,0 84.96823780073863,25.65647457480128,0 84.96826134641192,25.6564710080039,0 84.96827104210823,25.65647102564735,0 84.96842785536357,25.65647502424093,0 84.96844530151711,25.65647504157384,0 84.96844917885268,25.6564750405532,0 84.96848126689444,25.65650828682331,0 84.968483172091,25.65651014647198,0 84.96848685155102,25.6565194585238,0 84.96849250736145,25.65652880772107,0 84.96850199861188,25.65654384627862,0 84.96850578234883,25.65655140349053,0 84.968571952571,25.65670843337684,0 84.96857393366744,25.6567207362803,0 84.96857388577587,25.65673105201759,0 84.96857383764097,25.65674141504853,0 84.96857376021737,25.65675809527016,0 84.96857964010495,25.65684965352193,0 84.96857962570373,25.6568539785264,0 84.96858590637858,25.65686920715107,0 84.96858588900947,25.65687795307801,0 84.96859010293811,25.65689113225993,0 84.96865275891653,25.65699041029458,0 84.968657117372,25.65699273919045,0 84.96867242329705,25.65700206083873,0 84.96868783202444,25.65701373480234,0 84.9686966771981,25.65702076287472,0 84.96871220424167,25.65703253029772,0 84.96873895834017,25.65705149260866,0 84.9688447438227,25.65710693517744,0 84.96886038975046,25.65710943720393,0 84.96888046690235,25.657111866929,0 84.9688983425243,25.65711429068783,0 84.96892099122542,25.65712158226099,0 84.9689409659763,25.65712157723654,0 84.96894557815071,25.65712401290547,0 84.96895700327531,25.65712876342452,0 84.96896603827045,25.65713107117926,0 84.96897710491282,25.65713090458133,0 84.96937288910588,25.65716263240482,0 84.9693817476775,25.65716255792339,0 84.96939060466207,25.65716248352487,0 84.96954862784108,25.65733242836056,0 84.96954956773487,25.65733763586736,0 84.96954865612864,25.65735845248594,0 84.96954484086788,25.65737660789281,0 84.96954564806987,25.65739487824288,0 84.9695108419491,25.65770274158429,0 84.96951340376098,25.6577199032412,0 84.96951510380384,25.65773136468172,0 84.96951681023729,25.65774286879317,0 84.96951981176295,25.65776310452061,0 84.96951336319023,25.65778648477293,0 84.96949928971303,25.6577923365504,0 84.96948184873563,25.65779229545104,0 84.96946980743353,25.65779521398038,0 84.96944049043844,25.65779856077667,0 84.96926731626309,25.65778122557058,0 84.96925463857036,25.65777854612281,0 84.96924166313779,25.65777293844711,0 84.9692240667117,25.65777036595636,0 84.96912089679736,25.65772298587671,0 84.96910566434092,25.6577174841108,0 84.96909560065698,25.65771477907574,0 84.96908039679154,25.65770925354477,0 84.96882364881974,25.65763466742668,0 84.96880130267662,25.65762345170313,0 84.96879390412259,25.6576206691716,0 84.96877930497023,25.65762078935611,0 84.9687669770784,25.65761527857184,0 84.96863049079536,25.65758045633788,0 84.9686231886123,25.65757217152132,0 84.96861109396963,25.65757220625509,0 84.96860141374637,25.65756669130518,0 84.96858691579115,25.65756390262971,0 84.96856760061338,25.65756110649247,0 84.96855071646067,25.6575583176744,0 84.96834946447035,25.65747068678755,0 84.96832628055797,25.65745939188658,0 84.9683123596665,25.65745373681783,0 84.96829374178559,25.65744804260161,0 84.96827972412692,25.65744514884391,0 84.96826319124935,25.65744496944319,0 84.96825141330183,25.6574446829727,0 84.96812340107358,25.65740060959064,0 84.9681127369587,25.65738958470303,0 84.96810601149768,25.65738674226619,0 84.96808564145142,25.65735689322764,0 84.96807824132365,25.65733819852856,0 84.96807469497902,25.65732758481893,0 84.96807089490979,25.65731963938707,0 84.96799698788595,25.65709339184876,0 
						</coordinates>
					</LinearRing>
				</outerBoundaryIs>
			</Polygon>
		</Placemark>
		<Placemark>
			<name>brick kiln</name>
			<styleUrl>#m_ylw-pushpin</styleUrl>
			<Polygon>
				<tessellate>1</tessellate>
				<outerBoundaryIs>
					<LinearRing>
						<coordinates>
							84.96874280283122,25.6569896430684,0 84.96865523884399,25.65667567847052,0 84.96870965415587,25.65645311706741,0 84.96870920031417,25.65640163926625,0 84.96896958638307,25.65639940285735,0 84.96925530501733,25.65641039287338,0 84.96942956756861,25.65642447793144,0 84.96942664961105,25.6565626922547,0 84.96942593218326,25.65657053742962,0 84.96942467048265,25.65658433441626,0 84.96942193581599,25.65659226985434,0 84.96941340753828,25.65677941449802,0 84.96941494618754,25.6567858021372,0 84.96941803571472,25.65679862829938,0 84.96941940261408,25.65680722281618,0 84.96945221161388,25.65689943467368,0 84.96946009565359,25.65690839993362,0 84.96946763480628,25.6569220656018,0 84.96947354764018,25.65692901987779,0 84.96947717040143,25.6569382334935,0 84.96947793455676,25.65708001707163,0 84.96918899777023,25.65707509760302,0 84.96917972111187,25.65707766414679,0 84.96914767934453,25.65708297770446,0 84.96890441136968,25.65706404087551,0 84.96890218289896,25.65706404151757,0 84.96874280283122,25.6569896430684,0 
						</coordinates>
					</LinearRing>
				</outerBoundaryIs>
			</Polygon>
		</Placemark>
		<Placemark>
			<name>brick kiln</name>
			<styleUrl>#m_ylw-pushpin</styleUrl>
			<Polygon>
				<tessellate>1</tessellate>
				<outerBoundaryIs>
					<LinearRing>
						<coordinates>
							84.96974522607027,25.65781136544566,0 84.96971063531817,25.65733607497545,0 84.96970882242584,25.65733052000889,0 84.96971784451529,25.6571324240472,0 84.96984724463904,25.65709238862965,0 84.9700894146105,25.65706793232205,0 84.97041045983224,25.65704813135146,0 84.97041716723032,25.65704576122275,0 84.97076644165358,25.65701865945872,0 84.9707843665653,25.65701867858477,0 84.97079556886746,25.65701869055883,0 84.9709818140302,25.65701521869844,0 84.97115307029362,25.65701092022688,0 84.97117440243426,25.65742520374744,0 84.97125310316218,25.65778059861239,0 84.96974522607027,25.65781136544566,0 
						</coordinates>
					</LinearRing>
				</outerBoundaryIs>
			</Polygon>
		</Placemark>
		<Placemark>
			<name>brick kiln</name>
			<styleUrl>#m_ylw-pushpin</styleUrl>
			<Polygon>
				<tessellate>1</tessellate>
				<outerBoundaryIs>
					<LinearRing>
						<coordinates>
							84.96956823900864,25.65699486326036,0 84.96954885192739,25.65672701404236,0 84.96955087485041,25.6567138172518,0 84.96954869410854,25.65670066811922,0 84.96954686174715,25.65668542477588,0 84.9695453971018,25.65666809732908,0 84.96954399464828,25.6566637765592,0 84.96954021028468,25.65644827288919,0 84.96954411008642,25.6564366124482,0 84.96955453780741,25.65642118394257,0 84.9695554767145,25.65641541030149,0 84.96955962155174,25.65640200637917,0 84.96956116723747,25.65639247575958,0 84.97002975454525,25.65646034473583,0 84.97060288675608,25.65660019625363,0 84.97060716148623,25.65660234992239,0 84.97062190806255,25.6566067435648,0 84.97063462173762,25.65661111974929,0 84.97096669311382,25.65656485432296,0 84.97097676737532,25.65656475859419,0 84.97099086662963,25.65656462462005,0 84.97115657936926,25.65656735157478,0 84.97120433781474,25.65693060479697,0 84.97087336331354,25.65697867261544,0 84.97086677225278,25.65697882863807,0 84.97083152580278,25.65697950371651,0 84.97024586195705,25.65702369280633,0 84.96956823900864,25.65699486326036,0 
						</coordinates>
					</LinearRing>
				</outerBoundaryIs>
			</Polygon>
		</Placemark>
		<Placemark>
			<name>brick kiln</name>
			<styleUrl>#m_ylw-pushpin</styleUrl>
			<Polygon>
				<tessellate>1</tessellate>
				<outerBoundaryIs>
					<LinearRing>
						<coordinates>
							84.9714743172046,25.65801801254701,0 84.97147675835861,25.65800604470025,0 84.9713032593944,25.65728303789562,0 84.97156225044996,25.65724493204623,0 84.97156863382409,25.65724498593035,0 84.97158139985827,25.65724509522543,0 84.97159157378536,25.65724740983569,0 84.9718771799925,25.6572011060762,0 84.97244275676363,25.6572055538402,0 84.97245336030515,25.6572056661707,0 84.97278546654167,25.65716397040459,0 84.9727960065205,25.65716404900646,0 84.97282973804589,25.65716430054216,0 84.97287190697375,25.65716460249028,0 84.97288455439261,25.65716467378453,0 84.97327434702001,25.65711106824187,0 84.97328238257099,25.6571090046172,0 84.97329011467366,25.65710483061789,0 84.97330198830826,25.65710068991627,0 84.97333227695555,25.65709466746636,0 84.97334911365705,25.65708233042197,0 84.97337720441381,25.6570763915287,0 84.97381561254153,25.65690706166571,0 84.97382215766797,25.65690130832322,0 84.97382923021787,25.65689753023107,0 84.97383629197887,25.65689375801398,0 84.97384648070766,25.65689394315966,0 84.97385556153456,25.65689021288673,0 84.97386982276673,25.65689047114481,0 84.97402978388719,25.65686152995588,0 84.97413676508634,25.65732164252672,0 84.97414080713571,25.65734422721083,0 84.97414172989987,25.65735557578352,0 84.97417965641621,25.65767396922774,0 84.97417399229977,25.65767898188891,0 84.97417023789153,25.65769155965346,0 84.97403549984922,25.65778341685455,0 84.97402493585049,25.65778867543257,0 84.97401091465423,25.6577888452106,0 84.97308234460147,25.65791141830351,0 84.9725565676344,25.65795500780676,0 84.97254674379474,25.65795799049274,0 84.97251971212746,25.65796399850781,0 84.97193097466686,25.65801972742301,0 84.9714743172046,25.65801801254701,0 
						</coordinates>
					</LinearRing>
				</outerBoundaryIs>
			</Polygon>
		</Placemark>
		<Placemark>
			<name>brick kiln</name>
			<styleUrl>#m_ylw-pushpin</styleUrl>
			<Polygon>
				<tessellate>1</tessellate>
				<outerBoundaryIs>
					<LinearRing>
						<coordinates>
							84.97131749653516,25.65722968707443,0 84.97129123822788,25.65685559387322,0 84.9712913365119,25.65684980061441,0 84.97129153592869,25.65684014684922,0 84.97129185505709,25.65682470895955,0 84.97129217394976,25.65680928071379,0 84.97129466071152,25.65679386331438,0 84.97127670525548,25.65658068696716,0 84.97127682522149,25.65657303067607,0 84.97128990369848,25.65655965866353,0 84.97180688231009,25.6565239789679,0 84.97193357270217,25.65661353517901,0 84.97193774673462,25.65662308633842,0 84.97193975769112,25.65663646553914,0 84.97193307361516,25.65696006811327,0 84.97193515653051,25.65696976112151,0 84.97193509518695,25.6569794571368,0 84.97194145798301,25.65699109810801,0 84.9718912504179,25.65713102776292,0 84.97187835016717,25.65713490164806,0 84.97186975398974,25.65713683518927,0 84.9718547257563,25.65714263186572,0 84.97184401170449,25.65714454313955,0 84.97168337489552,25.65719455548248,0 84.97131749653516,25.65722968707443,0 
						</coordinates>
					</LinearRing>
				</outerBoundaryIs>
			</Polygon>
		</Placemark>
		<Placemark>
			<name>brick kiln</name>
			<styleUrl>#m_ylw-pushpin</styleUrl>
			<Polygon>
				<tessellate>1</tessellate>
				<outerBoundaryIs>
					<LinearRing>
						<coordinates>
							84.97257236484981,25.65712369042523,0 84.97248993556651,25.65693891660929,0 84.97248573165055,25.65692923058385,0 84.97247937486324,25.65692148351405,0 84.97247091348692,25.65690986887332,0 84.97246666865142,25.65690599840206,0 84.97240389042274,25.65676713000945,0 84.97240396550507,25.65675943812975,0 84.97240407810094,25.65674790446687,0 84.97240417191355,25.65673829722601,0 84.97240426566799,25.65672869342418,0 84.97240430314258,25.6567248531052,0 84.97258266509284,25.65653918696148,0 84.97259332940213,25.65653153290064,0 84.97260185701646,25.65652579088464,0 84.97261674856946,25.65652002381819,0 84.97288280812873,25.65648109382479,0 84.97288707219116,25.65647918661422,0 84.97289986212105,25.65647916461779,0 84.97291265371048,25.65647913636379,0 84.97293824236614,25.65647907974793,0 84.97297023871579,25.65647900906326,0 84.97298944219966,25.65647896660009,0 84.97334888344824,25.65650112287445,0 84.97335530816783,25.6565011148103,0 84.97356966908384,25.65652204027959,0 84.97364090846996,25.65667177521498,0 84.97364107819241,25.65668141396486,0 84.97364118712574,25.65668719751006,0 84.9736413687323,25.65669684062553,0 84.97363116927015,25.65672773542386,0 84.97357005558338,25.65692949847858,0 84.97356363462947,25.65693921604367,0 84.97356149981829,25.65694310385796,0 84.97355290862734,25.65695282152556,0 84.97331539900487,25.65706724451456,0 84.97291062901547,25.65713772260489,0 84.97264964821845,25.65714535915876,0 84.97257236484981,25.65712369042523,0 
						</coordinates>
					</LinearRing>
				</outerBoundaryIs>
			</Polygon>
		</Placemark>
		<Placemark>
			<name>brick kiln</name>
			<styleUrl>#m_ylw-pushpin</styleUrl>
			<Polygon>
				<tessellate>1</tessellate>
				<outerBoundaryIs>
					<LinearRing>
						<coordinates>
							84.97419862691871,25.65778197778943,0 84.97415260457922,25.65721706587218,0 84.97438376279213,25.65718950287691,0 84.97444487523376,25.65725840130608,0 84.97444924344141,25.6572721827195,0 84.97445589098916,25.65748067532382,0 84.97445589769524,25.65748852972695,0 84.97445590948183,25.65750227298033,0 84.97445646923062,25.65772025632528,0 84.97445648738278,25.65772801165139,0 84.97440482994364,25.65783597941932,0 84.97430095639166,25.65784749469547,0 84.97419862691871,25.65778197778943,0 
						</coordinates>
					</LinearRing>
				</outerBoundaryIs>
			</Polygon>
		</Placemark>
		<Placemark>
			<name>brick kiln</name>
			<styleUrl>#m_ylw-pushpin</styleUrl>
			<Polygon>
				<tessellate>1</tessellate>
				<outerBoundaryIs>
					<LinearRing>
						<coordinates>
							84.97444491574367,25.65784984065491,0 84.97447024756839,25.65712410003503,0 84.97541830392761,25.6569420541962,0 84.97557823106004,25.65772116136731,0 84.97444491574367,25.65784984065491,0 
						</coordinates>
					</LinearRing>
				</outerBoundaryIs>
			</Polygon>
		</Placemark>
		<Placemark>
			<name>brick kiln</name>
			<styleUrl>#m_ylw-pushpin</styleUrl>
			<Polygon>
				<tessellate>1</tessellate>
				<outerBoundaryIs>
					<LinearRing>
						<coordinates>
							84.97424329687755,25.65854800237506,0 84.9744188411878,25.65790532463761,0 84.97443280622313,25.65791374667424,0 84.97468585008012,25.65805946871023,0 84.9750375940569,25.65807475916738,0 84.97505175936257,25.65807476502821,0 84.97507537254059,25.6580747747969,0 84.97515796821293,25.65809612440204,0 84.97560374967847,25.65819621954028,0 84.97561560185851,25.65820261319408,0 84.97582909797372,25.65830972184479,0 84.97582911123332,25.65832047117822,0 84.97582913244379,25.65833768077119,0 84.97582914303021,25.65834629050614,0 84.97582439636474,25.65835702771005,0 84.97584373352134,25.65852605750357,0 84.97584374159611,25.6585304110374,0 84.97583419987201,25.65854340736812,0 84.97556675940346,25.65861807142358,0 84.97556198949144,25.65861805656152,0 84.97555244124581,25.65862019781947,0 84.97553813350162,25.65862015305346,0 84.97550233928942,25.65862869917329,0 84.97544985847298,25.65863291851376,0 84.97542115760636,25.65864160530334,0 84.97507859371291,25.65868569717964,0 84.97506898753677,25.65868788613501,0 84.97504980148398,25.65869008764598,0 84.97503061255844,25.65869228946244,0 84.9750138176056,25.65869448706447,0 84.97499222608846,25.65869669406823,0 84.97494433172605,25.65870318613018,0 84.97491338694822,25.65870735470003,0 84.97468205993732,25.65871979103561,0 84.97467260566653,25.658715425304,0 84.97466072350184,25.65871323338017,0 84.97464659317893,25.65870451153196,0 84.97463476110924,25.65870014563438,0 84.97462288548698,25.65869795544915,0 84.97446006047669,25.65863042697099,0 84.9744507593562,25.6586217393482,0 84.97424329687755,25.65854800237506,0 
						</coordinates>
					</LinearRing>
				</outerBoundaryIs>
			</Polygon>
		</Placemark>
		<Placemark>
			<name>brick kiln</name>
			<styleUrl>#m_ylw-pushpin</styleUrl>
			<Polygon>
				<tessellate>1</tessellate>
				<outerBoundaryIs>
					<LinearRing>
						<coordinates>
							84.97656869832403,25.65751918841481,0 84.97672915590066,25.65744618769705,0 84.97756085339871,25.65753812520927,0 84.9775353590791,25.65765858034575,0 84.97669862403311,25.65765648974975,0 84.97656869832403,25.65751918841481,0 
						</coordinates>
					</LinearRing>
				</outerBoundaryIs>
			</Polygon>
		</Placemark>
		<Placemark>
			<name>brick kiln</name>
			<styleUrl>#m_ylw-pushpin</styleUrl>
			<Polygon>
				<tessellate>1</tessellate>
				<outerBoundaryIs>
					<LinearRing>
						<coordinates>
							84.97782030925673,25.65834166366824,0 84.9777381101635,25.65802903232634,0 84.97819139136341,25.65796338360221,0 84.97851210740751,25.65796578690711,0 84.97858011406075,25.65786935468903,0 84.97853546740309,25.65754899009424,0 84.9788683553419,25.65751496698199,0 84.97892564716084,25.65785743872954,0 84.97899513098299,25.65812008056085,0 84.97854045870284,25.65828218588842,0 84.97782030925673,25.65834166366824,0 
						</coordinates>
					</LinearRing>
				</outerBoundaryIs>
			</Polygon>
		</Placemark>
		<Placemark>
			<name>brick kiln</name>
			<styleUrl>#m_ylw-pushpin</styleUrl>
			<Polygon>
				<tessellate>1</tessellate>
				<outerBoundaryIs>
					<LinearRing>
						<coordinates>
							84.97818863269499,25.65862943939893,0 84.97820281307715,25.65862731593851,0 84.97821700939463,25.65862306115427,0 84.97822407850828,25.65862307143068,0 84.97823824460943,25.65861883171656,0 84.97825239647756,25.6586167231055,0 84.97826653637765,25.65861674529864,0 84.97827597292255,25.65861675533413,0 84.97828308332797,25.65861249754703,0 84.97830434896917,25.65860825460087,0 84.97831850622671,25.65860826910656,0 84.9783374141456,25.65860402334039,0 84.97834922826137,25.65860190292722,0 84.97835868259348,25.65859977988996,0 84.97836576304614,25.65859978700762,0 84.97838233880515,25.65859127430856,0 84.97839652082925,25.65858702740073,0 84.97840596651653,25.65858490978172,0 84.97840832259311,25.65858491471343,0 84.9784271841452,25.65858282404184,0 84.97844132657573,25.6585828539611,0 84.97846490429744,25.65858290367209,0 84.97848849120115,25.65858295332436,0 84.97850736726515,25.65858299322579,0 84.97852624914999,25.65858303313021,0 84.97854513685814,25.65858307295592,0 84.97856166863154,25.65858310766559,0 84.97858532150111,25.65858312661542,0 84.97863265713531,25.65858313961474,0 84.97866579528306,25.65858314863782,0 84.97869656878227,25.65858315705909,0 84.97871550743685,25.65858316219387,0 84.97873207640563,25.65858530247005,0 84.97873681066535,25.65858530626971,0 84.97874863373356,25.65859599836686,0 84.97876046165064,25.6586066947804,0 84.97877465977398,25.65862167467728,0 84.9787841304971,25.65863023983906,0 84.97879360319162,25.65864094749872,0 84.97880544875497,25.65865594355872,0 84.97881018926741,25.65866023120966,0 84.97881967220285,25.65867095058408,0 84.97884102193953,25.65869240499177,0 84.97888138905292,25.65872463055044,0 84.97889564779621,25.65873538257246,0 84.97891465848014,25.65874398462479,0 84.97892894415401,25.65875907684486,0 84.97895276412488,25.65878065022983,0 84.97897660806161,25.65880224537192,0 84.97899810753931,25.65882603312728,0 84.97901724113726,25.65884768269117,0 84.97904117980403,25.65887368980564,0 84.97906752986312,25.6588997243164,0 84.97909405070425,25.65893254191165,0 84.97911341867466,25.6589567463577,0 84.97913520107568,25.65897881855306,0 84.97915951957765,25.65900974607834,0 84.97917172605834,25.65902744146996,0 84.97918394942262,25.65904516144336,0 84.97920338652499,25.65906075053256,0 84.97921570440768,25.6590829412043,0 84.97922561415962,25.65910295980406,0 84.97922585369494,25.65912071359827,0 84.97922606362803,25.65913626589636,0 84.97922621362825,25.65914738469852,0 84.97922639374713,25.65916073837775,0 84.97922409635018,25.65916962733085,0 84.97922185708181,25.65918298026508,0 84.9792171373642,25.65919186069932,0 84.97920771962006,25.65921186912371,0 84.97920053826104,25.65921849556927,0 84.97919335334716,25.65922511949999,0 84.97916924054311,25.65923380480143,0 84.97914508081526,25.65923802259721,0 84.97909428451923,25.6592374978964,0 84.97902659679978,25.65923656448497,0 84.97895419860268,25.65923319274279,0 84.97888441208877,25.65923230826678,0 84.97882675739618,25.65923212793953,0 84.97878593239062,25.65923200490273,0 84.97875953228358,25.65922748017308,0 84.97870914153479,25.65922510819515,0 84.97865638792311,25.65921835860643,0 84.97859886813427,25.65921161970211,0 84.97854379736376,25.65920268223051,0 84.97849352054205,25.65919600900374,0 84.97846007017941,25.65918712843681,0 84.97844098628056,25.6591804712993,0 84.97843143230857,25.65917825304932,0 84.97841954711615,25.65917159968433,0 84.97841006224118,25.659164949369,0 84.97839825375517,25.65915387194142,0 84.97838164252374,25.65914500064777,0 84.97836983091271,25.65913612765211,0 84.97835799109065,25.65912947118925,0 84.97834145556001,25.65911839071688,0 84.97832019938782,25.65910510382117,0 84.97829653875904,25.65909403107228,0 84.97828005049874,25.65908298251327,0 84.97826122427057,25.65906975365545,0 84.97824007708221,25.65905433732761,0 84.97822380170874,25.65903455965661,0 84.97821214930394,25.65902355373617,0 84.9782075898343,25.65901476393326,0 84.97820071073826,25.65900377800011,0 84.97819857076071,25.65899282868439,0 84.97819647801505,25.6589797030664,0 84.97819211452482,25.65896221206088,0 84.97819011896658,25.65894475523956,0 84.97819057890773,25.65892297870433,0 84.97818147322683,25.6588991703072,0 84.97817926343747,25.65888197790102,0 84.97817709152176,25.65886263330996,0 84.97817248236605,25.65885187414842,0 84.97817266810958,25.65883468977461,0 84.97816822561259,25.65880891882383,0 84.97816841243323,25.65879175916255,0 84.97816859916372,25.65877460921902,0 84.97816878577594,25.65875746897183,0 84.97816890239507,25.65874676119845,0 84.97817137551145,25.65873181180125,0 84.97817146042438,25.65871688018903,0 84.97817630402426,25.65869556061519,0 84.97817885248257,25.65867208516561,0 84.97818131522273,25.65865928662107,0 84.97818379409252,25.65864435965923,0 84.97818863269499,25.65862943939893,0 
						</coordinates>
					</LinearRing>
				</outerBoundaryIs>
			</Polygon>
		</Placemark>
		<Placemark>
			<name>brick kiln</name>
			<styleUrl>#m_ylw-pushpin</styleUrl>
			<Polygon>
				<tessellate>1</tessellate>
				<outerBoundaryIs>
					<LinearRing>
						<coordinates>
							84.97950239558955,25.65834117742791,0 84.9799969681511,25.65836806483503,0 84.97992179683088,25.65861552586885,0 84.97968892910031,25.65883421900001,0 84.97968169351964,25.65883639787984,0 84.97922380366779,25.65889275597712,0 84.9790656112211,25.65838803223317,0 84.97950239558955,25.65834117742791,0 
						</coordinates>
					</LinearRing>
				</outerBoundaryIs>
			</Polygon>
		</Placemark>
		<Placemark>
			<name>brick kiln</name>
			<styleUrl>#m_ylw-pushpin</styleUrl>
			<Polygon>
				<tessellate>1</tessellate>
				<outerBoundaryIs>
					<LinearRing>
						<coordinates>
							84.98047466271311,25.65860060989026,0 84.98047988715278,25.65858970351608,0 84.9804800788085,25.65858535183509,0 84.98048294288553,25.65857446347466,0 84.98048812723597,25.65855937741691,0 84.98049067465507,25.65855080886423,0 84.98049083879387,25.65854226152574,0 84.98049596945491,25.65852301022296,0 84.9805011350451,25.65850164743485,0 84.98050367526783,25.65849310635747,0 84.98050637488733,25.65847605129009,0 84.98050895204372,25.65846539425897,0 84.98050907207059,25.65845901146456,0 84.98050928765666,25.65844626290048,0 84.9805093228432,25.65844413900589,0 84.98054564419061,25.65814249725547,0 84.98055037573778,25.65813410214546,0 84.98055039690998,25.65812990583786,0 84.9806516094872,25.65798320867681,0 84.98066558730085,25.65797901593102,0 84.98067957431597,25.65797272969257,0 84.98069588002416,25.65796853552581,0 84.980740148149,25.6579664294886,0 84.98077743311313,25.65796642055782,0 84.98101859247737,25.6579594529038,0 84.98103487326458,25.65795727913533,0 84.98104653087231,25.65795724082795,0 84.98105821042886,25.65795721113836,0 84.98130709409838,25.65801343652718,0 84.98131183437705,25.65801767271613,0 84.98131894849543,25.65802403271013,0 84.98134030680148,25.65803675961036,0 84.98146636896303,25.65806651275313,0 84.98147351533544,25.65806651003656,0 84.9814854035229,25.65806437362604,0 84.98149727567014,25.65806437370044,0 84.98151627920217,25.65806437353654,0 84.98152815575608,25.65806437331214,0 84.98166104092955,25.65809211660292,0 84.98167048515155,25.65809211575931,0 84.98169172153008,25.6580942465715,0 84.98171297073959,25.65809850829515,0 84.98171769479589,25.65809850761035,0 84.98188509520841,25.65808784132569,0 84.98189924882659,25.65808145696304,0 84.98191103441823,25.65807720153991,0 84.98192045294999,25.65807507443299,0 84.9819345562121,25.65807507605286,0 84.98195100421574,25.65807507783293,0 84.98210591677599,25.65808995447132,0 84.98211993502767,25.65810056788633,0 84.98217346993655,25.65824901806534,0 84.98200185209875,25.65834047799907,0 84.98181694575197,25.6584521067928,0 84.9818170155086,25.6584585457653,0 84.98178967147857,25.65855758470919,0 84.98179206524183,25.6585618707331,0 84.98179461101866,25.65857697928816,0 84.98182592948238,25.65872981257928,0 84.98182366715881,25.65873640822185,0 84.98181180675965,25.65874081915009,0 84.98180233794614,25.65874523711396,0 84.98176909060849,25.65875630348194,0 84.98136989839041,25.65885867460168,0 84.98136510288749,25.65886310795368,0 84.98135549276016,25.65886532588472,0 84.98133387065566,25.65887419921815,0 84.98130020843105,25.65888305058819,0 84.9808499121045,25.65900947956844,0 84.98084503618597,25.65901609506165,0 84.98083058599674,25.65902258707605,0 84.98064992643442,25.65906591662652,0 84.98052408718108,25.65885159714335,0 84.98047466271311,25.65860060989026,0 
						</coordinates>
					</LinearRing>
				</outerBoundaryIs>
			</Polygon>
		</Placemark>
		<Placemark>
			<name>brick kiln</name>
			<styleUrl>#m_ylw-pushpin</styleUrl>
			<Polygon>
				<tessellate>1</tessellate>
				<outerBoundaryIs>
					<LinearRing>
						<coordinates>
							85.00626524787266,25.64490608043849,0 85.00624014187325,25.64490634018852,0 85.00620560306658,25.644906697457,0 85.00614909139048,25.64490707617952,0 85.00609569436125,25.64490740704442,0 85.00605170233847,25.64490766736527,0 85.00601714080857,25.64490782517935,0 85.00597947621947,25.64490787322638,0 85.00594808710002,25.64490791320079,0 85.00589786068741,25.64490797766488,0 85.00585704815195,25.64490803037053,0 85.00582252836867,25.64490804427691,0 85.00580056153895,25.64490805230049,0 85.005784870856,25.64490805806631,0 85.00576918017433,25.64490806380135,0 85.00575348939779,25.64490806949016,0 85.0057252457699,25.64490807983273,0 85.0056970019305,25.64490809028491,0 85.00565617684765,25.64491096758691,0 85.00562470012272,25.64491957475156,0 85.0056026980766,25.64492244688546,0 85.00558062651189,25.64493105455825,0 85.00556489723802,25.64493392618606,0 85.00554281759106,25.64494253671032,0 85.00553332772695,25.64494827709358,0 85.00551441638444,25.64495402043133,0 85.00548910908402,25.64496837782152,0 85.00547961146815,25.64497412230125,0 85.00545110936909,25.64499136150243,0 85.00543842407622,25.64499998379357,0 85.0054257758662,25.64500573418158,0 85.00540347711909,25.64502023212737,0 85.00538763016836,25.64502604476857,0 85.0053749895275,25.64502895278378,0 85.00535599180205,25.64503476838285,0 85.00533712640245,25.64503477257277,0 85.00531504732663,25.6450376836104,0 85.00529932543313,25.64503768707458,0 85.0052836037149,25.64503769051999,0 85.00526159313725,25.64503769526862,0 85.00524587133265,25.64503769869531,0 85.00523643825788,25.64503770076536,0 85.00520813904801,25.64503770697236,0 85.0051800001054,25.64503189780244,0 85.0051675843833,25.64502608871286,0 85.00515823292659,25.64502318667905,0 85.00513969442554,25.64501157848607,0 85.00511788984514,25.64500292707504,0 85.00509302180483,25.644988565873,0 85.00508375995166,25.64497995074767,0 85.00506524263905,25.64496272677498,0 85.0050590721543,25.64495698734767,0 85.00504381748469,25.64493403670446,0 85.00503462477306,25.64492256748481,0 85.00501932883805,25.64490250481826,0 85.00501322419467,25.64489390984557,0 85.00500729252727,25.64487672522961,0 85.00500740662153,25.64487099831844,0 85.00500142103851,25.64485668663045,0 85.00499550607873,25.64483951207708,0 85.00498666423645,25.64481937948004,0 85.00498093000658,25.64479928545841,0 85.00497803100471,25.64479067474912,0 85.00497519982451,25.64477920597795,0 85.00497236970229,25.64476774193894,0 85.00496334897265,25.64475623768804,0 85.00495742772397,25.64474476148045,0 85.00495460331662,25.64473331260052,0 85.00494593314879,25.64470755377658,0 85.00493692973434,25.6446960783359,0 85.00492799975778,25.64468175765261,0 85.00491591653471,25.64467027453833,0 85.00490688341918,25.64466165139282,0 85.00489808663478,25.64464728414974,0 85.00488621110794,25.64463290813859,0 85.00487443965041,25.64461568736429,0 85.00486576137448,25.64459850138186,0 85.0048599798707,25.64458705241558,0 85.00485102560496,25.64457844222171,0 85.00483640306365,25.64455555712135,0 85.00483351950041,25.64454984454967,0 85.00482467498598,25.64453840833263,0 85.00481291518895,25.64452129569485,0 85.00481032259093,25.64450707235427,0 85.00480793233844,25.64448717837562,0 85.00480534878355,25.64447297453514,0 85.00480604673342,25.6444531195062,0 85.00480674465298,25.64443328210478,0 85.00480694405364,25.64442761754734,0 85.00481677840062,25.64441066091534,0 85.00482342964477,25.64439653397628,0 85.00483312280355,25.64438243680473,0 85.00484270499221,25.64437117528798,0 85.00484902707738,25.64436555297643,0 85.00486463733165,25.64435714979163,0 85.00488024175591,25.64434874790672,0 85.00488943491089,25.64434878909838,0 85.00490810280102,25.64434040112767,0 85.00492370420037,25.64433200037658,0 85.00493299128311,25.64432921813797,0 85.00495165522861,25.64432083204369,0 85.00497337122628,25.64431246420433,0 85.00498878959809,25.64430970815593,0 85.0050074786343,25.6443040982494,0 85.00502005150675,25.64429845725651,0 85.00502968746041,25.64428718164752,0 85.00503630260603,25.64427309550456,0 85.00503973278319,25.64426183298671,0 85.00504022895306,25.64424494988701,0 85.00504047681923,25.64423651284585,0 85.00504097252995,25.64421964801087,0 85.00503820789963,25.64420841202401,0 85.00503853872009,25.64419718092849,0 85.00503903450796,25.64418034375887,0 85.00503953031949,25.64416351886726,0 85.00503999396048,25.64414671532381,0 85.0050403131285,25.6441299616265,0 85.00504052581793,25.64411879688243,0 85.00504084473555,25.64410205611495,0 85.00504739302627,25.64408253397404,0 85.00505378008324,25.64407138266774,0 85.0050664438896,25.64405466161016,0 85.00507900007405,25.64404351717374,0 85.00509170731617,25.64402402490196,0 85.00510106748443,25.64401845645071,0 85.00511973324586,25.64401010437434,0 85.00512913925722,25.64400175602735,0 85.0051510785238,25.64398228451969,0 85.005157295846,25.64397950299275,0 85.00516672794897,25.64397115619591,0 85.00518224872049,25.64396559348348,0 85.00519480737776,25.64395447093509,0 85.00520730604691,25.64394613117323,0 85.00522596570401,25.64393779233151,0 85.00524770209333,25.64392945514112,0 85.00526316403796,25.64392667485861,0 85.00528180679667,25.6439183415669,0 85.0053065898949,25.6439044751374,0 85.00534370191637,25.64388784026062,0 85.00537158461707,25.64387674407193,0 85.00540573283121,25.64385733677721,0 85.00541508434847,25.64384902368529,0 85.00542747486152,25.64384348132348,0 85.00544308960745,25.64382686429423,0 85.00545543756455,25.64382409328882,0 85.00546785672012,25.64381578720668,0 85.00548960781818,25.64379918132423,0 85.00551435596311,25.64378811318178,0 85.00553602353187,25.64377704840875,0 85.00555460884411,25.6437659878524,0 85.00556697485703,25.64376045804072,0 85.00557936995436,25.64375216632574,0 85.00559797275912,25.64373835150548,0 85.00561964828256,25.64372454117283,0 85.00564135119542,25.64370797738988,0 85.00565063245789,25.64370245753288,0 85.00566921909399,25.64368866294188,0 85.00568771405584,25.64368314418315,0 85.00570005920162,25.64367762767206,0 85.00573092646692,25.64366384184429,0 85.00573713028115,25.64365833092685,0 85.00575878021365,25.64364455738245,0 85.00577732911856,25.64363354452504,0 85.00578663070019,25.64362804557167,0 85.00580211333458,25.64361980006453,0 85.00581451906179,25.64361155825033,0 85.00583922965286,25.64360332844133,0 85.00587332131562,25.64358689640352,0 85.0058949233748,25.64358143281473,0 85.00591966349324,25.64357049906632,0 85.00593202505446,25.64356503603723,0 85.00595052036539,25.64355958100463,0 85.00596897852347,25.64355686626917,0 85.00599053294742,25.64355142334349,0 85.00601210725226,25.6435432523854,0 85.00602437335208,25.64354326680506,0 85.00604892815336,25.64353507263349,0 85.00606118278075,25.64353233921926,0 85.00610401882975,25.64352686563842,0 85.006146859387,25.64351866097588,0 85.00618664808466,25.64350773471657,0 85.00621108332219,25.64350498032051,0 85.00623854250281,25.64350492937695,0 85.0062599117841,25.64350215264996,0 85.00629045183952,25.64349662426103,0 85.00633015354779,25.64349380035551,0 85.00635765323679,25.64349100482907,0 85.00637599545379,25.64348824395761,0 85.0063943431833,25.64348550974374,0 85.0064126847732,25.64348273363995,0 85.00641879947386,25.64348271965522,0 85.00643102976949,25.64347995689382,0 85.00644326130313,25.64347719416311,0 85.00646161154373,25.64347441659772,0 85.00647690287435,25.64346891190384,0 85.00648913838465,25.64346614828065,0 85.00650750007954,25.64346610347911,0 85.00653197732306,25.64346057990637,0 85.00655646573193,25.64345779043174,0 85.00656564340383,25.64345504020763,0 85.00657788292173,25.64345228457034,0 85.00661155989847,25.64344949022992,0 85.00662991733091,25.64344398890215,0 85.00664521119751,25.64343849359705,0 85.00667888662389,25.64343296361349,0 85.0067034151544,25.64343014871569,0 85.00673097372099,25.64342737862774,0 85.00674624704546,25.6434219061257,0 85.00677070733516,25.64341917399028,0 85.00678294318824,25.6434191764535,0 85.00679823734262,25.64341917962773,0 85.00682575003167,25.64341644836047,0 85.00683490955223,25.64341371365608,0 85.00684711828725,25.64341098802026,0 85.00686545342965,25.64341100176511,0 85.00688988607858,25.64341102791198,0 85.00691121297287,25.6434110859655,0 85.0069173464005,25.64341657054983,0 85.0069235432163,25.64343026070051,0 85.00693583502179,25.64344396974034,0 85.00694197102999,25.64344945696997,0 85.00695733673111,25.64346591329254,0 85.00696355088262,25.6434796118298,0 85.00697893255393,25.64349607207172,0 85.00698822499889,25.64351252548413,0 85.00699447352211,25.64352898028031,0 85.00700377258639,25.6435454468084,0 85.00700387764839,25.64355641908536,0 85.00701013328022,25.64357289301107,0 85.00701949478055,25.64359487035969,0 85.00702573888792,25.64361136570665,0 85.00703195817955,25.64362511728003,0 85.00704124185,25.64364162808748,0 85.00704128658435,25.64364988585757,0 85.00705050473651,25.64365814688204,0 85.00705365358817,25.64367466810868,0 85.00706602331216,25.64369670140116,0 85.00707221252854,25.64370772052764,0 85.00707533896605,25.64371874189155,0 85.00708772208878,25.64374078943624,0 85.00709081848083,25.64374630235476,0 85.00709394749337,25.64375733054588,0 85.00710632083276,25.64377663212643,0 85.0071094518114,25.64378766540457,0 85.00711876408479,25.64380697659307,0 85.00712192035675,25.64382077598636,0 85.00713119145283,25.64383181485139,0 85.00713433133367,25.64384285824465,0 85.00713747197703,25.64385390374925,0 85.00714371724959,25.64387047525867,0 85.00714992681186,25.643881524401,0 85.00715617535691,25.64389810349697,0 85.00715933226347,25.64391192191669,0 85.00716861022357,25.64392297604882,0 85.00717175776809,25.64393679769853,0 85.00717794971474,25.64394509115891,0 85.00718114348889,25.6439672141556,0 85.00718426294279,25.64397551179759,0 85.00719357924086,25.64399487151061,0 85.00719669276684,25.64400316973095,0 85.00720293387909,25.64402253567566,0 85.00720608759471,25.64403913891042,0 85.00721230461225,25.64405297678229,0 85.00721853598013,25.64406958543497,0 85.00722478183368,25.64408896623509,0 85.0072248354227,25.64410004374172,0 85.00723417633735,25.64412220334081,0 85.00723732297158,25.64413605596807,0 85.00724047072488,25.64414991089745,0 85.00724690001113,25.64416663662605,0 85.00725333766269,25.64418337579432,0 85.00725352355073,25.6441945416055,0 85.00725991959403,25.64420850506969,0 85.00726337784752,25.64423086375973,0 85.00726665004944,25.64424205041629,0 85.00726683908043,25.64425324239965,0 85.00727329415679,25.64427003954092,0 85.00727657111949,25.64428124374862,0 85.00727695420088,25.64430366783865,0 85.0072803305336,25.64432049913669,0 85.00728069829547,25.64434294607767,0 85.0072809733735,25.64435979350102,0 85.0072812025038,25.64437384120308,0 85.00727534595336,25.6443935267087,0 85.0072724390765,25.64440478251764,0 85.00726657552323,25.64442449154197,0 85.00725465352943,25.64445267450381,0 85.00724563606401,25.64446959946561,0 85.00723347088169,25.64448371319067,0 85.0072212436359,25.6444977820723,0 85.00721206301345,25.64451180951942,0 85.0071997055783,25.64452019859921,0 85.00719354152899,25.6445258006046,0 85.00717501694726,25.64453979415166,0 85.00716885112934,25.64454539782689,0 85.00715337666379,25.64455377629848,0 85.00713173349719,25.64456776021511,0 85.00711326090797,25.64457905172691,0 85.00709478167461,25.64459034715388,0 85.00706394625587,25.64460729486459,0 85.00703923314283,25.64461858341657,0 85.00702376634183,25.64462422183157,0 85.00701144698868,25.64463271878546,0 85.00699913014668,25.64464122839288,0 85.00698060025795,25.64464973920395,0 85.00696510859471,25.64465257429867,0 85.00695274993278,25.64465825027821,0 85.00694038859265,25.64466392734664,0 85.00692805653547,25.64467245381321,0 85.00690643057929,25.64468382629225,0 85.00689403629393,25.64468667505803,0 85.00686933465808,25.64470094109407,0 85.00685075615628,25.64470666791727,0 85.00682913984322,25.64472095377237,0 85.00679820863884,25.644738117197,0 85.00677032654207,25.64475239161568,0 85.00673001268174,25.64477236880233,0 85.00670520804432,25.64478388706216,0 85.00668353513879,25.64479555581146,0 85.0066649427085,25.64480716458378,0 85.00664322150877,25.64481879423902,0 85.00663393221868,25.64483031059235,0 85.00661530112879,25.64484194962821,0 85.00660909649073,25.64484775395233,0 85.00659356444487,25.6448594005345,0 85.00657801062565,25.64486818128103,0 85.00656243843051,25.644876895158,0 85.00655933303219,25.64488264822873,0 85.00653750183622,25.64488856260556,0 85.00652191608194,25.64489738415332,0 85.00650006432222,25.64490055894633,0 85.00649069350784,25.64490068999211,0 85.00646882001335,25.64490099580381,0 85.00645944214897,25.64490112688121,0 85.00644693505244,25.64490130180916,0 85.00641565254654,25.64490164726969,0 85.00639061508359,25.64490188210357,0 85.00637183239635,25.64489919765773,0 85.00635304102913,25.64489940017906,0 85.00633737644094,25.64489957062299,0 85.00632170726267,25.64489974102991,0 85.00631230361135,25.64489984331126,0 85.00626524787266,25.64490608043849,0 
						</coordinates>
					</LinearRing>
				</outerBoundaryIs>
			</Polygon>
		</Placemark>
		<Placemark>
			<name>brick kiln</name>
			<styleUrl>#m_ylw-pushpin</styleUrl>
			<Polygon>
				<tessellate>1</tessellate>
				<outerBoundaryIs>
					<LinearRing>
						<coordinates>
							85.00949057249947,25.64379367638185,0 85.00926794805696,25.6433367638488,0 85.0093447155714,25.64310596898617,0 85.00998171218315,25.64296201830555,0 85.01036767720265,25.64290133257928,0 85.01056394684061,25.64331686702393,0 85.01059476404414,25.64364316491927,0 85.00959714956406,25.64394366325076,0 85.00949057249947,25.64379367638185,0 
						</coordinates>
					</LinearRing>
				</outerBoundaryIs>
			</Polygon>
		</Placemark>
		<Placemark>
			<name>brick kiln</name>
			<styleUrl>#m_ylw-pushpin</styleUrl>
			<Polygon>
				<tessellate>1</tessellate>
				<outerBoundaryIs>
					<LinearRing>
						<coordinates>
							85.01079207649758,25.64375963661779,0 85.01061232620866,25.64353297126847,0 85.01052869190325,25.64315809642586,0 85.01044996885435,25.64287936377911,0 85.01111103452017,25.64280731118674,0 85.01122800556094,25.64305034265488,0 85.01136424469556,25.64340863723735,0 85.01146602623875,25.64352648828187,0 85.01079207649758,25.64375963661779,0 
						</coordinates>
					</LinearRing>
				</outerBoundaryIs>
			</Polygon>
		</Placemark>
		<Placemark>
			<name>brick kiln</name>
			<styleUrl>#m_ylw-pushpin</styleUrl>
			<Polygon>
				<tessellate>1</tessellate>
				<outerBoundaryIs>
					<LinearRing>
						<coordinates>
							85.0115592940956,25.64355460439131,0 85.01119913601053,25.64283437114751,0 85.01172855412236,25.64283653667195,0 85.01195664510747,25.64305474094866,0 85.01199252496403,25.64346260933481,0 85.0115592940956,25.64355460439131,0 
						</coordinates>
					</LinearRing>
				</outerBoundaryIs>
			</Polygon>
		</Placemark>
		<Placemark>
			<name>brick kiln</name>
			<styleUrl>#m_ylw-pushpin</styleUrl>
			<Polygon>
				<tessellate>1</tessellate>
				<outerBoundaryIs>
					<LinearRing>
						<coordinates>
							85.01208512460694,25.64344281186266,0 85.0120145668747,25.64282799586044,0 85.01292047810348,25.64278339707852,0 85.01317596867629,25.6432501335885,0 85.01289368884512,25.64344702268883,0 85.0124939882282,25.64342925939392,0 85.01208512460694,25.64344281186266,0 
						</coordinates>
					</LinearRing>
				</outerBoundaryIs>
			</Polygon>
		</Placemark>
		<Placemark>
			<name>brick kiln</name>
			<styleUrl>#m_ylw-pushpin</styleUrl>
			<Polygon>
				<tessellate>1</tessellate>
				<outerBoundaryIs>
					<LinearRing>
						<coordinates>
							85.00407527562986,25.64583795616769,0 85.00406593690813,25.64582550202169,0 85.00405039283373,25.64580376805266,0 85.00402588406082,25.64578211267445,0 85.00400741039215,25.64575745585115,0 85.00398002790961,25.64573290018731,0 85.00394674899201,25.64570550517948,0 85.00393469539188,25.64569642889483,0 85.00391964663822,25.64568436823155,0 85.00388963514703,25.64566032357726,0 85.00386571444639,25.64564235760583,0 85.003850794717,25.64563040307316,0 85.00383588223393,25.64561247387899,0 85.00382397393392,25.64559458031625,0 85.00380913866323,25.64557377462991,0 85.00378845002128,25.64555016808622,0 85.00377371995944,25.64553260373219,0 85.00375608836617,25.64551245451907,0 85.00374730215098,25.64549821599237,0 85.00373853230491,25.6454840039856,0 85.00372682864916,25.64547271667826,0 85.00370937186149,25.64544441269821,0 85.00369197996952,25.64541621075866,0 85.00367752856143,25.64539372703391,0 85.00366314610855,25.64536848758024,0 85.0036487548458,25.64534894595748,0 85.00363738673028,25.6453236901944,0 85.0036317687056,25.64530687769326,0 85.00362050506483,25.64527893396242,0 85.00360644363266,25.64524823840426,0 85.00359244570716,25.64521768159093,0 85.00358138957669,25.64518725705567,0 85.00355896732718,25.64515409771728,0 85.00355353825465,25.64513754992284,0 85.00354525919631,25.64512105012028,0 85.00353419737365,25.64510185663968,0 85.00352305144261,25.64508818794823,0 85.00352049002559,25.64507453628783,0 85.00351502189747,25.64506364826368,0 85.00350962348118,25.6450500640717,0 85.00350417500752,25.64503921760994,0 85.00350164029462,25.64502568468322,0 85.00349627203926,25.64501218089281,0 85.00349108707972,25.64499558062586,0 85.00348860807512,25.64498444681898,0 85.00348622417688,25.64497056583233,0 85.00348129615099,25.64494844026589,0 85.00347329925758,25.64493466439408,0 85.00347376208902,25.64492092729856,0 85.00347141544846,25.64490723019731,0 85.00346384747115,25.64488267529181,0 85.00346422670795,25.64487180234782,0 85.00346181063209,25.64486095475056,0 85.00345968127048,25.6448420507029,0 85.00345756358411,25.64482321176062,0 85.00345557636304,25.64480169506547,0 85.00345626127285,25.64478297606161,0 85.00345931293958,25.64477500552487,0 85.00346245518161,25.64476438953863,0 85.00347118973438,25.64475120208307,0 85.00347440278529,25.64473799538812,0 85.0034860193179,25.64471963855496,0 85.00350303926098,25.64470150156714,0 85.00351988418456,25.64468616603502,0 85.00354787039647,25.64466066340673,0 85.00357014027817,25.64464280526173,0 85.00359233638574,25.64462501064839,0 85.00361163666038,25.64461240476726,0 85.00362546842699,25.64459972931829,0 85.00365015303231,25.64458704958739,0 85.00367484440447,25.64456928781913,0 85.00369668329589,25.64455667387922,0 85.00371846603541,25.644544110011,0 85.00373477252083,25.64453407353986,0 85.00375645094988,25.64452409324606,0 85.00378349223337,25.64451164394516,0 85.00380237912154,25.64449913175885,0 85.00382928688947,25.64448415802202,0 85.00385879914909,25.64446922979473,0 85.0038802140256,25.64445930822711,0 85.00390417692518,25.64444195900221,0 85.00392552323146,25.64443458479354,0 85.00394144365725,25.64442473995703,0 85.00396803218858,25.64441494670254,0 85.00398919376013,25.64440506229419,0 85.00400752542619,25.64439029463285,0 85.00404717834506,25.64437808202896,0 85.0040682170972,25.64436839219703,0 85.00408655615455,25.64435871422202,0 85.00410486062088,25.64434905447158,0 85.0041231303243,25.64433941320708,0 85.00416504607159,25.64432500187685,0 85.0042094090625,25.64430825759569,0 85.00425867933838,25.64428678164812,0 85.00430260688198,25.64426551414212,0 85.00434959565457,25.64425611580458,0 85.00449875442209,25.64427545031013,0 85.00450716020455,25.64428259120711,0 85.00452119551161,25.64429451460694,0 85.00452715128156,25.64430406938265,0 85.00454405995107,25.64431843999565,0 85.00456350299869,25.64433045506674,0 85.00456952650487,25.64434008186269,0 85.00457538114409,25.64434731459097,0 85.00458160734787,25.64435938898238,0 85.0045887665149,25.64438361779413,0 85.00459235860963,25.6443957743245,0 85.00459577312837,25.64440552035911,0 85.00459919381409,25.64441528446696,0 85.00461103744176,25.64442997048066,0 85.00461773827578,25.64444715031543,0 85.00462388030502,25.64445699446312,0 85.00508728189988,25.64520252875143,0 85.00407527562986,25.64583795616769,0 
						</coordinates>
					</LinearRing>
				</outerBoundaryIs>
			</Polygon>
		</Placemark>
		<Placemark>
			<name>brick kiln</name>
			<styleUrl>#m_ylw-pushpin</styleUrl>
			<Polygon>
				<tessellate>1</tessellate>
				<outerBoundaryIs>
					<LinearRing>
						<coordinates>
							84.98264427514967,25.65819600623222,0 84.98245519143916,25.65785517637089,0 84.98274469160133,25.65775648528405,0 84.98295799557486,25.65814747630452,0 84.98264427514967,25.65819600623222,0 
						</coordinates>
					</LinearRing>
				</outerBoundaryIs>
			</Polygon>
		</Placemark>
		<Placemark>
			<name>brick kiln</name>
			<styleUrl>#m_ylw-pushpin</styleUrl>
			<Polygon>
				<tessellate>1</tessellate>
				<outerBoundaryIs>
					<LinearRing>
						<coordinates>
							84.95834695753238,25.65624512090094,0 84.9583412938979,25.65623944497132,0 84.95834669592249,25.65579382444201,0 84.95869793376833,25.65583696913505,0 84.95900243210419,25.65586945698499,0 84.95933121547158,25.65587155127911,0 84.95940119885324,25.6558339279649,0 84.95948436559539,25.65587064678375,0 84.95941024453357,25.65636624582103,0 84.95881915001516,25.65631943984735,0 84.95834695753238,25.65624512090094,0 
						</coordinates>
					</LinearRing>
				</outerBoundaryIs>
			</Polygon>
		</Placemark>
		<Placemark>
			<name>brick kiln</name>
			<styleUrl>#m_ylw-pushpin</styleUrl>
			<Polygon>
				<tessellate>1</tessellate>
				<outerBoundaryIs>
					<LinearRing>
						<coordinates>
							84.94753384867002,25.65504854273486,0 84.94755080543887,25.65483946546329,0 84.94793823980481,25.65484175366567,0 84.9480672211011,25.65492740153265,0 84.94807725003,25.65515711219088,0 84.94775386782585,25.65510384647499,0 84.94753384867002,25.65504854273486,0 
						</coordinates>
					</LinearRing>
				</outerBoundaryIs>
			</Polygon>
		</Placemark>
		<atom:link rel="app" href="https://www.google.com/earth/about/versions/#earth-pro" title="Google Earth Pro 7.3.7.1155"></atom:link>
	</Folder>
</Document>
</kml>
